Book Id,Title,Author,Author l-f,Additional Authors,ISBN,ISBN13,My Rating,Average Rating,Publisher,Binding,Number of Pages,Year Published,Original Publication Year,Date Read,Date Added,Bookshelves,Bookshelves with positions,Exclusive Shelf,My Review,Spoiler,Private Notes,Read Count,Owned Copies
6660714,Pisma iz Norveške,Isidora Sekulić,"Sekulić, Isidora",,"=""8674730663""","=""9788674730669""",0,4.18,Prosveta,,175,2014,1914,,2026/01/01,currently-reading,currently-reading (#6),currently-reading,,,,1,0
46114,The Waves,Virginia Woolf,"Woolf, Virginia",,"=""0156949601""","=""9780156949606""",4,4.14,Harvest Books,Paperback,297,1978,1931,2025/12/27,2017/09/18,,,read,"Nekoliko godina unazad vodila sam računa o svom komšiji Dobrivoju, koji je imao 88 godina i živeo je sam. Zbog njega ovoj knjizi dajem četiri, a ne pet zvezdica.<br/>Dobrivoje je često govorio: „Ja sam uvek bio sam, ali nikada nisam bio usamljen.“ Kako je razmišljao, tako je i živeo.<br/>I na kraju svog života, kada je većina njegovih prijatelja već predala meč, on je i dalje imao nekoga kraj sebe. ❤️<br/>Ne zato što je bežao od starosti, već zato što joj nije pristupao sa strahom. Prihvatio ju je bez ogorčenosti. <br/>Dobrivoje mi je ostavio snažan osećaj da mi sami, u velikoj meri, određujemo kako ćemo doživeti proces starenja. <br/>U tom smislu, Talasi su mi bili izazovni.<br/>Stil pisanja je nestvarno lep, hipnotišući, ali je knjiga satkana od previše pesimističkih razmišljanja. <br/><br/>Prijala mi je dugo, sve do samog kraja, kada mi je odjednom postala jako opterećujuća, kao da misli više nemaju gde da se smeste.<br/>Svakako, nije lako čitati roman koji prati tok misli - naročito tok misli šest različitih osoba - ali vredi.<br/>Ne zbog priče, već zbog iskustva. ",,,1,0
244504383,Car radosti,Ocean Vuong,"Vuong, Ocean",Nikola Matić,"=""8660364228""","=""9788660364229""",0,3.91,Kontrast izdavaštvo,Paperback,392,2025,2025,,2025/12/27,to-read,to-read (#88),to-read,,,,0,0
1587010,L.A. Woman,Eve Babitz,"Babitz, Eve",,"=""""","=""""",0,3.48,Simon & Schuster,Hardcover,160,1982,1982,,2025/12/27,to-read,to-read (#87),to-read,,,,0,0
244261102,Venčanje u Vinter Hilu,Carson McCullers,"McCullers, Carson",Flavio Rigonat,"=""8679584096""","=""9788679584090""",0,3.81,LOM,Paperback,201,2025,1946,,2025/12/27,to-read,to-read (#86),to-read,,,,0,0
177068,The Fabric of Reality: The Science of Parallel Universes--and Its Implications,David Deutsch,"Deutsch, David",,"=""014027541X""","=""9780140275414""",0,4.14,Penguin Books,Paperback,390,1998,1996,,2025/12/22,to-read,to-read (#85),to-read,,,,0,0
10483171,The Beginning of Infinity: Explanations That Transform the World,David Deutsch,"Deutsch, David",,"=""0670022756""","=""9780670022755""",0,4.17,Viking,Hardcover,487,2011,2011,,2025/12/22,to-read,to-read (#84),to-read,,,,0,0
24987718,Demijan,Hermann Hesse,"Hesse, Hermann",,"=""9940250673""","=""9789940250676""",5,4.14,Narodna knjiga Podgorica,Hardcover,155,2012,1919,,2017/09/18,,,read," - Napolju je bila stvarnost, napolju su bile ulice i kuće, bili su ljudi i ustanove, biblioteke i učionice - a ovde unutra bile su ljubav i duša, ovde su živeli bajka i san. Pa ipak nipošto nismo živeli ograđeni od sveta, u mislima i razgovorima smo često živeli usred njega, samo na drugom jednom polju, od većine ljudi nismo bili odvojeni granicama nego drukčijim načinom gledanja. Naš zadatak je bio da na svetu predstavljamo ostrvo, možda uzor, u svakom slučaju nagoveštaj drukčije mogućnosti življenja. ❤️<br/><br/>Ova knjiga me je oduvala kao da sam tinejdžerka. ",,,2,0
212174157,"The Raven Scholar (Eternal Path Trilogy, #1)",Antonia Hodgson,"Hodgson, Antonia",,"=""152933988X""","=""9781529339888""",0,4.44,Hodderscape,Kindle Edition,656,2025,2025,,2025/11/05,to-read,to-read (#83),to-read,,,,0,0
222683974,The Loneliness of Sonia and Sunny,Kiran Desai,"Desai, Kiran",,"=""0307700151""","=""9780307700155""",0,3.86,Hogarth,Hardcover,688,2025,2025,,2025/11/04,to-read,to-read (#82),to-read,,,,0,0
7201449,Buka i bes,William Faulkner,"Faulkner, William",,"=""8674460291""","=""""",0,3.86,"Novosti, Beograd",Hardcover,317,2004,1929,,2025/10/09,to-read,to-read (#81),to-read,,,,0,0
15975,Blonde,Joyce Carol Oates,"Oates, Joyce Carol",,"=""2253152854""","=""9782253152859""",0,3.92,Le Livre de Poche,Mass Market Paperback,1110,2002,2000,,2025/09/23,to-read,to-read (#80),to-read,,,,0,0
5023504,Dnevnik jednog čarobnjaka,Paulo Koeljo,"Koeljo, Paulo",,"=""8674483402""","=""9788674483404""",0,3.65,Paideia,Hardcover,210,2007,1987,,2025/09/10,currently-reading,currently-reading (#5),currently-reading,,,,1,0
27403944,Godina zeca,Arto Paasilinna,"Paasilinna, Arto",,"=""8677201262""","=""9788677201265""",3,3.63,Odiseja,Paperback,138,2015,1975,2025/09/08,2025/09/07,,,read,,,,1,0
221312683,Tri svetla,Claire Keegan,"Keegan, Claire",Arijana Luburić Cvijanović,"=""8661454484""","=""9788661454486""",4,4.31,Geopoetika,Paperback,71,2024,2010,2025/08/27,2024/11/10,,,read,,,,1,0
26819614,Molekuli,Ivan Tokin,"Tokin, Ivan",,"=""""","=""""",0,4.35,Samizdat B92,Paperback,270,2015,2015,,2025/08/26,to-read,to-read (#79),to-read,,,,0,0
36245961,Pas,Ivan Tokin,"Tokin, Ivan",,"=""8680426164""","=""9788680426167""",4,4.30,Arete,Paperback,158,2017,2017,2025/08/26,2025/08/26,,,read,"Roman iz perspektive jednog psa. Savršena knjiga za čitanje radi opuštanja. Volim kako Tokin piše definitivno. <br/><br/>- Da sam neki pametan čovek ja bih sigurno znao da je depresija fina prilika za introspekciju i da može mnogo da se nauči od tog stanja kad se hemija u mozgu uzburka, pa na površinu izađe nešto što je bilo u dubini, pa onda čovek može lepo da ga razgleda sa svih strana, da ga prouči i da zna šta mu to radi tamo iz dubine. <br/><br/>- Lepo je kad se živi. Lepo je kad je teško. Lako je magla… Lako ima tanku priču. Lako je za turiste u rođenim životima. ",,,1,0
37787334,Sve drveće sva deca i svi bicikli u meni,Vitomirka Trebovac,"Trebovac, Vitomirka",,"=""8679581844""","=""9788679581846""",0,4.59,L.O.M.,Paperback,101,2017,2017,,2025/08/23,to-read,to-read (#78),to-read,,,,0,0
59181352,Nevidljive: Kako podaci kroje svet po meri muškaraca,Caroline Criado Pérez,"Pérez, Caroline Criado",Maja Bajić,"=""8652143013""","=""9788652143016""",0,4.34,Laguna,Paperback,326,2021,2019,,2025/08/19,currently-reading,currently-reading (#4),currently-reading,,,,1,0
63031194,Iskrena varalica,Tove Jansson,"Jansson, Tove",Slavica Milosavljević,"=""8677202862""","=""9788677202866""",3,3.81,Odiseja,Paperback,152,2022,1982,2025/08/15,2025/08/07,,,read,Ništa me kod ove knjige nije posebno oduševilo. Još jedna od onih knjiga gde je bilo mnogo više potencijala uz nedovoljnu razgradnju likova. <br/>Daću autorki još jednu šansu. ,,,1,0
13202092,Eat & Run: My Unlikely Journey to Ultramarathon Greatness,Scott Jurek,"Jurek, Scott",Steve Friedman,"=""0547569653""","=""9780547569659""",0,4.03,Houghton Mifflin Harcourt,Hardcover,272,2012,2012,,2025/08/10,to-read,to-read (#77),to-read,,,,0,0
78960,Good Wives,Louisa May Alcott,"Alcott, Louisa May",,"=""1419122126""","=""9781419122125""",0,3.98,Kessinger ,Paperback,248,2004,1869,,2025/07/29,currently-reading,currently-reading (#3),currently-reading,,,,1,0
68591,Brida,Paulo Coelho,"Coelho, Paulo",,"=""9504915248""","=""9789504915249""",4,3.51,Planeta,Paperback,264,2006,1990,2017/01/01,2017/09/18,,,read,,,,2,0
40740914,If Cats Disappeared from the World,Genki Kawamura,"Kawamura, Genki",Eric Selland,"=""1509889175""","=""9781509889174""",0,3.79,Picador,Paperback,202,2018,2012,,2025/07/29,to-read,to-read (#76),to-read,,,,0,0
7698411,Antígona,Sophocles,"Sophocles, Sophocles",,"=""9681509404""","=""9789681509408""",5,3.68,Unknown,Paperback,91,2006,-441,2025/07/29,2025/07/27,,,read,,,,1,0
59482780,Gospodar i sluga,Leo Tolstoy,"Tolstoy, Leo",Leo Tolstoy,"=""8680532363""","=""9788680532363""",0,4.00,Blic biblioteka,Mass Market Paperback,63,2016,1895,,2025/07/02,to-read,to-read (#75),to-read,,,,0,0
8698347,Нула и ништа [Nula i ništa],Daniil Kharms,"Kharms, Daniil",,"=""8685063388""","=""9788685063381""",0,4.27,Logos,Paperback,127,1996,1993,,2025/06/25,to-read,to-read (#74),to-read,,,,0,0
526493,Gone with the Wind,Margaret Mitchell,"Mitchell, Margaret",,"=""""","=""""",0,4.31,Warner Books,Mass Market Paperback,1024,1993,1936,,2025/06/25,to-read,to-read (#73),to-read,,,,0,0
2890462,Roman o Londonu,Miloš Crnjanski,"Crnjanski, Miloš",,"=""8607008536""","=""9788607008537""",0,4.45,Prosveta,Hardcover,738,1996,1971,,2025/06/23,to-read,to-read (#72),to-read,,,,0,0
60475616,Mesec dana na selu,J.L. Carr,"Carr, J.L.",,"=""868116807X""","=""9788681168073""",3,4.08,Hoplit,Paperback,131,2019,1980,2025/06/23,2025/06/19,,,read,"Ponekad je možda i do doba kada nešto čitamo, ali meni je knjiga bila poprilično nezanimljiva, dosadnjikava i nedovoljno razrađena.<br/><br/>3.5/5",,,1,0
13585762,Swimming Studies,Leanne Shapton,"Shapton, Leanne",,"=""0399158170""","=""9780399158179""",0,3.97,Blue Rider Press,Hardcover,336,2012,2012,,2025/06/23,to-read,to-read (#71),to-read,,,,0,0
7531108,Prodavnica tajni,Dino Buzzati,"Buzzati, Dino",,"=""8683725138""","=""""",0,4.13,Libretto,Paperback,200,2006,1968,,2025/06/22,to-read,to-read (#70),to-read,,,,0,0
209684962,Živa voda,Clarice Lispector,"Lispector, Clarice",Ana Kuzmanović Jovanović,"=""""","=""""",4,4.26,Kontrast,Unknown Binding,72,2023,1973,2025/06/19,2025/05/31,,,read,"Roman toka svesti. Intuitivno pisanje. Poetski monolog bez radnje. Eksperimentalno delo o ljudskoj psihi, podsvesti, umetnosti… <br/><br/>- Ne mogu se predstaviti jer se ne mogu sabrati jedna stolica i dve jabuke. Ja sam jedna stolica i dve jabuke, ne sabiram se.",,,1,0
162853,The Magus,John Fowles,"Fowles, John",,"=""""","=""""",0,4.05,Vintage Books,Paperback,672,2004,1965,,2025/06/19,to-read,to-read (#69),to-read,,,,0,0
406373,Faust,Johann Wolfgang von Goethe,"Goethe, Johann Wolfgang von",Walter Kaufmann,"=""0385031149""","=""9780385031141""",4,3.89,Vintage,Paperback,503,1962,1808,,2017/09/18,,,read,,,,1,0
10827154,Ljubav u doba kolere,Gabriel García Márquez,"Márquez, Gabriel García",Milena Trobozić,"=""8661050286""","=""9788661050282""",0,3.94,Sezam Book,Hardcover,325,2010,1985,,2025/06/18,to-read,to-read (#68),to-read,,,,0,0
17835844,Hadrijanovi memoari,Marguerite Yourcenar,"Yourcenar, Marguerite",Ivanka Pavlović,"=""8619003569""","=""9788619003568""",0,4.22,Nolit,Hardcover,312,1986,1951,,2025/06/18,to-read,to-read (#67),to-read,,,,0,0
63103603,Zaposednutost,Annie Ernaux,"Ernaux, Annie",Bojan Savić Ostojić,"=""8689597662""","=""9788689597660""",3,3.77,Štrik,Paperback,70,2022,2002,2025/06/18,2025/06/18,,,read,"Definitivno mi nije legla kao Jednostavna strast, iako je stil pisanja lep.<br/>Razumem da se radi o opisivanju unitrašnje borbe sa opsesijom i mislima, ali protagonistkinja je stvarno luda. ",,,1,0
23451687,Najnormalniji čovek na svetu,Ivan Tokin,"Tokin, Ivan",,"=""""","=""9788679634016""",5,4.15,Samizdat B92,Paperback,248,2014,2014,2025/06/09,2025/06/06,,,read,"I dalje mi se vrti po glavi - Važno je da roniš i da letiš i da se ne plašiš. ❤️<br/><br/>Nikad ni za jednu knjigu nisam ovoliko promenila mišljenje od početka do kraja. <br/>Početak me nije privukao, želela sam i da odustanem. Ali do kraja… imam utisak da se autor autentično izrazio u drugom delu knjige, dok je prvi deo nastao pod uticajem drugih autora. <br/><br/>4 od 5, zbog prvog dela knjige. Baš me je dotakla knjiga.",,,1,0
31197021,Sitnice koje život znače,Lorenzo Marone,"Marone, Lorenzo",Gordana Subotić,"=""8664570647""","=""9788664570640""",4,4.10,Dereta,Paperback,239,2016,2015,2025/06/17,2025/06/09,,,read,"Priča koja vas neće ostaviti ravnodušnim.<br/>Roman prati sedamdesetsedmogodišnjaka čiji život postepeno otkrivamo kroz roman i saznajemo na koji način mladi i poletni ljudi postaju namrgođeni starci. U knjizi su opisani međuljudski, ljubavni i porodični odnosi iz perspektive starijeg čoveka. <br/><br/>Ima elemenata koji mi se nisu dopali. Kao da je postojao prostor da se sve još malo razradi. <br/><br/>Sve u svemu, savremeni evropski roman. <br/>3.7<br/><br/>- Zveva je previše besna na život da bi umela da uživa u raskošnom spektru njegovih nijansi.",,,1,0
199212862,Kitovi koji imaju drugačije frekvencije,Olivera Mitić,"Mitić, Olivera",,"=""8644707922""","=""9788644707929""",0,3.95,Plato,Paperback,170,2023,,,2025/06/15,to-read,to-read (#66),to-read,,,,0,0
18144647,Noćni voz za Lisabon,Pascal Mercier,"Mercier, Pascal",,"=""""","=""9788683907489""",0,3.74,Aed studio,Paperback,366,2009,2004,,2025/06/15,to-read,to-read (#65),to-read,,,,0,0
28459,Rudin,Ivan Turgenev,"Turgenev, Ivan","Constance Garnett, Isabel Florence Hapgood","=""1426450427""","=""9781426450426""",0,3.78,BiblioBazaar,Paperback,148,2006,1856,,2025/06/15,to-read,to-read (#64),to-read,,,,0,0
59950,The Sound of the Mountain,Yasunari Kawabata,"Kawabata, Yasunari",Edward G. Seidensticker,"=""0679762647""","=""9780679762645""",0,3.84,Vintage,Paperback,276,1996,1954,,2025/06/12,to-read,to-read (#63),to-read,,,,0,0
211179818,Nevidljivi gradovi,Italo Kalvino,"Kalvino, Italo",,"=""""","=""""",4,4.27,,Unknown Binding,,,,2025/06/12,2025/05/13,,,read,"Nevidljivi gradovi su misaoni eseji koje, iako su kratki, ne treba čitati odjednom, već polako ih analizirati i tražiti simbolike u njima. <br/><br/>Gradovi su metafore za ljude, misli, osećanja…<br/><br/>Roman je okvirno ispričan kao dijalog između starog cara Kublaj-kana i njegovog putnika Marka Pola. Kublaj-kan traži da mu Polo prepriča gradove svog carstva – opisujući najraznovrsnije fiktivne gradove, svi često nazvani po ženama – dok car pokušava da shvati njihovo znacenje.",,,1,0
234894361,Mala sreća,Claudia Piñeiro,"Piñeiro, Claudia",Ksenija Bilbija,"=""8660700740""","=""9788660700744""",0,4.28,Blum izdavaštvo,Paperback,223,2024,2015,,2025/06/10,to-read,to-read (#62),to-read,,,,0,0
204249375,Sve te sitnice,Claire Keegan,"Keegan, Claire",Arijana Luburić Cvijanović,"=""8661454247""","=""9788661454240""",4,4.09,Geopoetika,Paperback,96,2023,2021,2025/06/06,2025/01/14,,,read,"Kler Kigan je jedna od najuticajnijih irskih spisateljica. 2023. je proglašena autorom godine. <br/><br/>Roman je vremenski smešten nekoliko nedelja pred Božić 1985. godine u idiličnom irskom gradiću. Protagonista priče, Bil Ferlong, običan čovek sa toplim srcem, tokom jedne dostave uglja otkriva mračnu istinu sakrivenu iza zidova lokalnog samostana. Naizgled jednostavna priča postaje duboka moralna drama o tišini, odgovornosti i ljudskosti.<br/><br/>Priča o nadi, herojstvu i empatiji. Lep poklon za praznike. ",,,1,0
12747,The Book and the Brotherhood,Iris Murdoch,"Murdoch, Iris",,"=""0140104704""","=""9780140104707""",0,3.98,Penguin Publishing Group,Paperback,608,1989,1987,,2025/06/06,to-read,to-read (#61),to-read,,,,0,0
55010100,Jednostavna strast,Annie Ernaux,"Ernaux, Annie","Ani Erno, Nada Bojić","=""8607009044""","=""""",4,3.91,"Prosveta, Beograd",Paperback,60,1995,1991,2025/06/05,2025/06/05,,,read,"‘’Neprijatnosti svakodnevnog života nisu me nervirale. Uopšte se nisam brinula zbog dvomesečnog štrajka poštara jer mi A. nije slao pisma (bez sumnje, iz opreznosti oženjenog čoveka). Čekala sam strpljivo u dugim redovima ispred šaltera u banci i nikad se nisam naljutila zbog neljubaznosti namrgođenog službenika.<br/>Nista nije moglo da utiče na moje strpljenje. Osećala sam u pogledu tih ljudi čak neku vrstu saosećanja, bola, bratstva. Imala sam posebno razumevanje prema klošarima koji su ležali na klupama po parkovima i metrou, za klijente prostitutki, za usamljenu ženu koja čita jeftin ljubavni roman sedeći sama u parku (mada ne bih znala reći kakvu sam sličnost nalazila između sebe i njih).’’<br/><br/>Slučajno sam naletela na jednom štandu sa knjigama na Ani Erno i uzela sam je na preporuku devojke koja je prodavala knjige i vrlo rado diskutovala o njima. Rekoh, hajde da probam. <br/>Nisam znala šta da očekujem, više mi se činilo da mi se neće dopasti, jer kada su knjige o emocijama, često budu patetične. Dohvatila sam se Jednostavnih stvari, manja knjiga, samo da proverim da li je to ono što ja volim i da nastavim sa daljim čitanjem ili da Ani i ja krenemo svaka svojim putem. <br/>I, evo, ostala sam. Kratko, intezivno i iskreno. Bez patetike i bez prenemaganja. Sirove, neobrađene emocije. Kao da sam zavirila u nečiji unutrašnji svet. Ani ne okoliše, ne dramatizuje, ne ulepšava stvari. Stvari su prosto takve kakve jesu. Bilo da su moralne ili ne. <br/><br/>Ani piše iz ličnog iskustva koje fikcionalizuje. U romanu je prikazan unutrašnji svet žene koja se nalazi u strastvenoj i opsesivnoj vezi sa oženjenim muškarcem. Fokus nije na spoljnim događajima, već na njenim emocijama, čežnji, iščekivanju i preokupiranosti njime. Kroz jednostavan, ali precizan stil, autorka osvetljava psihološku dubinu i ranjivost žene koja se u potpunosti predaje toj vezi, uprkos njenoj neizvesnosti i jednostranosti.<br/><br/><br/>Tek ćemo se družiti, Ani i ja. ❤️",,,1,0
238953,Das Kapital,Karl Marx,"Marx, Karl","Friedrich Engels, Serge L. Levitsky","=""089526711X""","=""9780895267115""",0,3.91,Gateway Editions,Paperback,356,1996,1867,,2025/05/30,to-read,to-read (#60),to-read,,,,0,0
123933,No Exit,Jean-Paul Sartre,"Sartre, Jean-Paul",,"=""0573613052""","=""9780573613050""",0,4.11,Concord Theatricals,Paperback,60,1958,1944,,2025/05/29,to-read,to-read (#59),to-read,,,,0,0
56913404,Madona u bundi,Sabahattin Ali,"Ali, Sabahattin",Mirjana Teodosijević,"=""""","=""""",0,4.34,Službeni glasnik,Paperback,200,2020,1943,,2025/05/27,to-read,to-read (#58),to-read,,,,0,0
259020,The Golden Bowl,Henry James,"James, Henry","Gore Vidal, Patricia Crick","=""0140432353""","=""9780140432350""",0,3.77,Penguin Books,Paperback,591,1985,1904,,2025/05/18,to-read,to-read (#57),to-read,,,,0,0
38328365,Obris,Rachel Cusk,"Cusk, Rachel",Aleksandar Milajić,"=""8688335966""","=""9788688335966""",4,3.67,Booka,Paperback,175,2018,2014,,2025/04/28,,,read,"Ovo je roman bez klasične radnje, ali s dubokim emocijama predstavljenim poput obrisa. Glavna junakinja Faj dolazi u Atinu da predaje pisanje, ali se iz naracije povlači – postaje tihi svedok, prostor kroz koji prolaze priče drugih. Kroz razgovore koje vodi, likovi otkrivaju čežnju, teskobu, izgubljenost, a Faj ostaje senka – obris.<br/><br/>Nema dramatičnih obrta, nema zapleta u klasičnom smislu – sve se dešava u jeziku, u tonu, u načinu na koji ljudi otkrivaju sebe ne znajući da su viđeni. Faj je tu da sluša, a čitajući, i mi postajemo slušaoci. <br/><br/>Iznenadio me je sam tonalitet romana, iako nisam mnogo znala o njemu, čak ni da je prvi deo trilogije. Druga stvar koju nisam očekivala kada sam uzela knjigu u ruke je da će mi zapravo baš prijati. <br/><br/>Čitala sam komentare da se ljudi na kraju čitanja pitaju šta su zapravo pročitali, razumem, desilo mi se skoro sa knjigom Miss Lonliharts, ali, meni lično, Obris se utisnuo. ✨<br/><br/>3.8/5",,,1,0
214776322,Depadansa,Rachel Cusk,"Cusk, Rachel",,"=""""","=""""",0,3.67,Vuković & Runjić,Paperback,192,2024,2021,,2025/05/14,to-read,to-read (#56),to-read,,,,0,0
60246552,Septology,Jon Fosse,"Fosse, Jon",,"=""1804270067""","=""9781804270066""",0,4.47,Fitzcarraldo Editions,Paperback,825,2022,2022,,2025/05/11,to-read,to-read (#55),to-read,,,,0,0
55823535,"U jesen (Seasons Quartet, #1)",Karl Ove Knausgård,"Knausgård, Karl Ove",,"=""8680830496""","=""9788680830490""",0,3.72,Booka,Paperback,206,2020,2015,,2025/05/07,to-read,to-read (#54),to-read,,,,0,0
406235,Giovanni’s Room,James Baldwin,"Baldwin, James",,"=""""","=""""",3,4.34,Laurel,Paperback,178,1988,1956,2025/04/27,2024/04/10,,,read,"Jedan od najbitnijih romana LGBTQ+ književnosti 20. veka. <br/>Mladi Amerikanac Dejvid je došao u Pariz, dok njegova verenica preispituje njihovu vezu putovanjem po Španiji. Dejvid se zaljubljuje u Đovanija i njihova veza se odvija u Đovanijevoj mračnoj sobi.<br/><br/>Istražuje se tema homofobije, društvene izolacije, muškosti…<br/><br/>Generalni utisak mi je da likovi nisu dovoljno razrađeni i da je roman pružao mnogo više prostora za izgradnju. <br/><br/>2.5 od 5. ",,,1,0
114013840,Slikar prolaznog sveta,Kazuo Isiguro,"Isiguro, Kazuo",,"=""8664572305""","=""9788664572309""",0,3.78,Dereta,Hardcover,0,2019,1986,,2025/04/18,to-read,to-read (#53),to-read,,,,0,0
136251,"Harry Potter and the Deathly Hallows (Harry Potter, #7)",J.K. Rowling,"Rowling, J.K.",,"=""""","=""""",5,4.62,Arthur A. Levine Books,Hardcover,759,2007,2007,,2017/09/18,,,read,"„Recite mi samo jos jedno"", kaza Hari. „Da li je ovo stvarno? Ili se sve ovo događalo samo u mojoj glavi?""<br/>Dambidor se zadovoljno nasmeši, a njegov glas je odzvanjao glasno i prodorno u Harijevim ušima, iako se jarka izmaglica ponovo spuštala, zaklanjajući mu obličje<br/>„Naravno da se zbiva u tvojoj glavi, Hari, ali zašto bi, za ime sveta, to značilo da nije stvarno?"" ",,,2,0
20655851,Pusti pravog da uđe,John Ajvide Lindqvist,"Lindqvist, John Ajvide",,"=""8650516238""","=""9788650516232""",0,4.04,Evro-Giunti,Paperback,448,2010,2004,,2025/03/30,to-read,to-read (#52),to-read,,,,0,0
1,"Harry Potter and the Half-Blood Prince (Harry Potter, #6)",J.K. Rowling,"Rowling, J.K.",,"=""""","=""""",5,4.58,Scholastic Inc,Paperback,652,2006,2005,,2017/09/18,,,read," - When you have seen as much of life as I have, you will not underestimate the power of obsessive love. ✨",,,2,0
45021179,Usta puna zemlje ; Smrt gospodina Goluže,Branimir Šćepanović,"Šćepanović, Branimir",,"=""8664572267""","=""9788664572262""",5,4.31,Dereta,Paperback,213,2019,1974,2025/02/28,2025/02/28,,,read,"Egzistencijalni roman o ljudskoj potrebi za smislom koga možda nema. Jednostavna i simbolički bogata radnja koja nas navodi da se zapitamo da li je čovek ikada slobodan ili je uvek gonjen? Društvom, strahovima, smislom, samim sobom…<br/>Apsurd nas podseca na Kafku, Kamija, malim delom i na Harmsa.<br/>Delo je prevedeno na preko 30 jezika i u antologiju svetske književnosti, koju je objavila Francuska enciklopedija pod naslovnom Idealna biblioteka, svrstano je među 700 knjiga svih vremena.<br/><br/>Druga pripovetka nam govori o društvu koje ne dopušta da se išta dogodi van njegovih pravila. Predstavlja nam nemoć čoveka pred društvenim konvencijama dok se ponovo protežu pitanja o smislu i slobodi. <br/><br/>Velika preporuka. ",,,1,0
199333452,Jutro i veče,Jon Fosse,"Fosse, Jon",Radoš Kosović,"=""8664071365""","=""9788664071369""",0,3.91,Treći trg,,93,2021,2000,,2025/03/25,to-read,to-read (#51),to-read,,,,0,0
49335391,Stopama Hristovim,Isidora Sekulić,"Sekulić, Isidora",,"=""8664310904""","=""9788664310901""",0,4.54,Bernar,Paperback,214,2019,,,2025/03/24,to-read,to-read (#50),to-read,,,,0,0
48975335,Polje,Robert Seethaler,"Seethaler, Robert",,"=""9533320958""","=""9789533320953""",0,3.53,oceanmore,,176,2019,2018,,2025/03/24,to-read,to-read (#49),to-read,,,,0,0
2,"Harry Potter and the Order of the Phoenix (Harry Potter, #5)",J.K. Rowling,"Rowling, J.K.",Mary GrandPré,"=""0439686520""","=""9780439686525""",5,4.50,Scholastic Inc.,Paperback,870,2004,2003,,2017/09/18,,,read,✨✨✨,,,3,0
33232661,Elementarne čestice,Michel Houellebecq,"Houellebecq, Michel",Vladimir D. Janković,"=""8688335796""","=""9788688335799""",0,3.80,Booka,Paperback,334,2016,1998,,2025/03/13,to-read,to-read (#48),to-read,,,,0,0
28015912,Krotka,Fyodor Dostoevsky,"Dostoevsky, Fyodor","Mila Stojnić, Milosav Babović","=""8679580562""","=""9788679580566""",0,3.90,"LOM, Beograd",Paperback,182,2012,1876,,2025/03/12,to-read,to-read (#47),to-read,,,,0,0
55662605,"Mastering Mindful Eating: Transform Your Relationship with Food, Plus 30 Recipes to Engage the Senses",Michelle Babb,"Babb, Michelle",,"=""1632172941""","=""9781632172945""",0,3.60,Sasquatch Books,Paperback,208,2020,,,2025/03/08,to-read,to-read (#46),to-read,,,,0,0
208280432,Mis Lonliharts {Gospođica Usamljenasrca} ♥,Nathanael West,"West, Nathanael",Flavio Rigonat,"=""8679583545""","=""9788679583543""",2,3.56,L.O.M.,Paperback,118,2023,1933,2025/03/06,2025/01/09,,,read,"Evo, ne znam šta da kažem. ",,,1,0
17183656,Smeh u tami,Vladimir Nabokov,"Nabokov, Vladimir",,"=""8679580015""","=""9788679580016""",4,4.02,LOM,Paperback,188,2007,1932,2025/03/05,2025/03/04,,,read,"Nabokovu se mora priznati da je majstor pripovedanja. Njegov stil, rečenice, način na koji oživljava slike ispred naših očiju. On je kao pisac bio svestan toga, znao je da je genije, pa je stoga bio i elitista. <br/><br/>Albin, kritičar umetnosti, ugodno živi u Berlinu sa suprugom Elizabet i ćerkom Irmom. Sve mu je na dohvat ruke: stabilnost, porodica, društveni status. Međutim, Elizabet mu nije dovoljna. Ona ne poseduje onu strast koju je zamišljao da treba da ima žena u njegovom životu. I tako, dok sedi na svom snobovskom tronu, počinje da sanjari o ljubavnoj avanturi. Nažalost – ili na sreću, zavisi kako gledate – avantura mu se zaista i dešava.<br/><br/>Njegov izbor? Margo, devojka koja nema ništa osim fizičke lepote. I to je sasvim dovoljno za Albina. Slepo zaljubljen u ovu površnu, manipulativnu individuu, on je spreman da uništi sve što mu je zaista važno – svoju porodicu, ugled, pa na kraju i sopstveni život. Njegova zaslepljenost i nedostatak empatije čine ga jednim od najjadnijih likova koje je književnost ikada iznedrila. Ako bih pravila listu Top 10 najbednijih književnih likova, Albin bi zauzeo visoko mesto.<br/><br/>Snobizam, elitizam, potpuna nesposobnost da vidi dalje od svog nosa – to su Albinove ključne osobine. Njegovo divljenje umetnosti ne ide ruku pod ruku sa bilo kakvom emocionalnom dubinom ili intelektualnim dostojanstvom. On je čovek koji ne razume vrednost onoga što ima dok to ne izgubi. I onda? Onda postaje još jadniji.<br/><br/>Iako je roman pisan besprekorno, fabula majstorski vođena, a dijalozi puni suptilnog humora i ironije, krajnji utisak ostavlja gorak ukus u ustima. Nabokov je bez sumnje genije književnosti dvadesetog veka, ali priznajem – zajedno sa Kjubrikom, stavljam ga u paketić i bacam u kantu.<br/><br/>Zaključak: Smeh u tami jeste književno remek-delo, ali sa protagonistom kojeg ćete želeti da ošamarite kroz svaku stranicu. Ako ste ljubitelj Nabokova, pročitajte. Ako ne volite da provodite vreme sa snobovskim jadnicima – bolje preskočite. <br/><br/>",,,1,0
168632462,Stone Yard Devotional,Charlotte  Wood,"Wood, Charlotte",,"=""""","=""""",0,3.74,Allen & Unwin,ebook,320,2023,2023,,2025/03/02,to-read,to-read (#45),to-read,,,,0,0
5974287,Ježeva kućica,Branko Ćopić,"Ćopić, Branko",,"=""953171326X""","=""9789531713269""",0,4.60,Faust Vrančić,Hardcover,10,2002,1949,,2025/03/02,to-read,to-read (#44),to-read,,,,0,0
7521208,Otmenost ježa (7 rue de Grenelle #2),Muriel Barbery,"Barbery, Muriel",Melita Logo-Milutinović,"=""8677020640""","=""9788677020644""",0,3.81,Čarobna knjiga,Paperback,323,2008,2006,,2025/02/28,to-read,to-read (#43),to-read,,,,0,0
8520610,Quiet: The Power of Introverts in a World That Can't Stop Talking,Susan Cain,"Cain, Susan",,"=""0307352145""","=""9780307352149""",0,4.08,Crown Publishers,Hardcover,333,2012,2012,,2025/02/26,to-read,to-read (#42),to-read,,,,0,0
6,"Harry Potter and the Goblet of Fire (Harry Potter, #4)",J.K. Rowling,"Rowling, J.K.",Mary GrandPré,"=""0439139597""","=""9780439139595""",5,4.57,Scholastic,Paperback,734,2002,2000,,2017/09/18,,,read,,,,2,0
17879546,Moja Afrika,Isak Dinesen,"Dinesen, Isak","Karen Blixen, Nedeljka Paravić, Janko Paravić","=""8634302075""","=""9788634302073""",0,3.91,"Globus, Zagreb",Hardcover,322,1986,1937,,2025/02/25,to-read,to-read (#41),to-read,,,,0,0
13519914,Rob,Isaac Bashevis Singer,"Singer, Isaac Bashevis",,"=""""","=""9788673466859""",0,4.23,"Dereta, Beograd",Hardcover,320,2008,1962,,2025/02/14,to-read,to-read (#40),to-read,,,,0,0
5,"Harry Potter and the Prisoner of Azkaban (Harry Potter, #3)",J.K. Rowling,"Rowling, J.K.",Mary GrandPré,"=""043965548X""","=""9780439655484""",5,4.58,Scholastic Inc.,Mass Market Paperback,547,2004,1999,,2017/09/18,,,read,"Od trećeg dela već počinje da bude još interesantija priča. Toliko sam se prebacila u ovaj svet, da jedva čekam da čitam, tako da je spavanje najviše žrtvovano. ",,,2,0
7327562,Čudo u Poskokovoj Dragi,Ante Tomić,"Tomić, Ante",,"=""9533031549""","=""9789533031545""",0,4.30,Naklada Ljevak (Zagreb),Hardcover,261,2009,2009,,2025/02/12,to-read,to-read (#39),to-read,,,,0,0
24998671,Letters on Ethics: To Lucilius (The Complete Works of Lucius Annaeus Seneca),Seneca,"Seneca, Seneca","Margaret Graver, Anthony A. Long","=""022626517X""","=""9780226265179""",0,4.32,University of Chicago Press,Hardcover,604,2015,64,,2024/06/24,currently-reading,currently-reading (#2),currently-reading,,,,1,0
15881,"Harry Potter and the Chamber of Secrets (Harry Potter, #2)",J.K. Rowling,"Rowling, J.K.",Mary GrandPré,"=""""","=""""",5,4.43,Arthur A. Levine Books,Hardcover,352,1999,1998,,2017/09/18,,,read,"Ponekad izmislim sadašnjost da imam gde da prenoćim. ✨<br/><br/>Thank you JKR, for designing an escape, creating a refuge from the present, regrdless our age. ",,,2,0
42413314,Rebeka,Daphne du Maurier,"Maurier, Daphne du",Draga Petrović Grgin,"=""8652131139""","=""9788652131136""",0,4.25,Laguna,Paperback,488,2018,1938,,2025/02/06,to-read,to-read (#38),to-read,,,,0,0
3,"Harry Potter and the Sorcerer's Stone (Harry Potter, #1)",J.K. Rowling,"Rowling, J.K.",,"=""0439554934""","=""9780439554930""",5,4.47,Scholastic Inc,Hardcover,309,2003,1997,2025/01/30,2017/09/18,,,read,"Toliko mi je drago da sam serijal čitala kao dete. ❤️<br/>Iako je tada bilo mnogo specijalnije, bila sam opčinjena, ništa drugo nisam mogla da radim osim da čitam, i sada je podjednako magično. ✨<br/><br/>Toliko sam bila uporna za poslednji deo, da su me zvali iz biblioteke da mi jave da je stigao. ",,,1,0
6437732,Njujorška trilogija,Paul Auster,"Auster, Paul","Ivana Đurić Paunović, Zoran Paunović, Svetlana Spaić","=""8676660034""","=""9788676660032""",0,3.86,Geopoetika,Paperback,283,1998,1987,,2025/01/31,currently-reading,currently-reading (#1),currently-reading,,,,1,0
10439199,Naivan. Super.,Erlend Loe,"Loe, Erlend","Sofija Bilandžija, Nataša Ristivojević, Mirna Stevanović","=""8661450144""","=""9788661450143""",3,3.86,Geopoetika,Paperback,225,2010,1996,2025/01/30,2025/01/30,,,read,"Definitivno je bolja od Doplera, ali prosto nije nešto u čemu se pronalazim, iako shvatam zašto je Erlend popularan. Ako ga nešto odlikuje - maštovit je i zabavan. <br/>Priča prati dvadesetpetogodišnjaka i njegov unutrašnji svet, predstavljen svakodnevnim jezikom.  <br/>Protagonista se susreće sa egzistencijalnom krizom, gubi interes za svet oko sebe, prijatelje i studije.<br/>Naivnost koristi u okršaju sa složenim pitanjima. <br/><br/>- Moje vreme nije isto kao tvoje vreme. Naša vremena nisu ista. Ti imaš svoje vreme, a ja imam svoje. Naši trenuci nisu isti. I znaš li šta to znači?<br/>To znači da vreme ne postoji. Da li treba to da kažem još jednom? Vreme ne postoji. Postoji život i smrt. Postoje ljudi i životinje. Naše misli postoje. I svet i vasiona. Ali vreme ne postoji. Možeš da se opustiš. Osećaš li se bolje sada. Ja se osećam bolje. Biće dobro. Želim ti lep dan.",,,1,0
13612403,Ostaci dana,Kazuo Ishiguro,"Ishiguro, Kazuo",Gordana Velmar-Janković,"=""8613006337""","=""9788613006336""",5,4.14,BIGZ,Hardcover,259,1992,1989,2024/12/23,2024/02/16,,,read,"Ovo je roman o lojalnosti, propasti aristokratije u Engleskoj, emocionalnoj inhibiciji, rigidnosti i o neostvarenoj ljubavi. <br/><br/>Batler Stivens, koji je pravi profesionalac, nakon smrti lorda Darlingtona kome je služio godinama, ostaje u Darlington holu i nakon njegove prodaje. Amerikanac, u čijem je vlasništvu Darlington hol, daje svoj auto Stivensu, da ide na put i upozna svoju zemlju. Tom prilikom, Stivens odlazi kod gospođice Ketrin, bivše domaćice Darlington hola i usput se priseća sjajnih dana i događaja iz svoje karijere. <br/><br/>Stivens ostaje u svojoj ulozi, na pozornici svog života, ali se ne kraju ipak pita, da li je mogao drugačiju ulogu da izabere? <br/><br/>Kazuo Išiguro verno oslikava jedno doba i oživljava ga pred našim očima. <br/><br/>4.3/5",,,1,0
71702510,Moj pas glupi,Džon Fante,"Fante, Džon",John Fante,"=""8679582085""","=""9788679582089""",0,3.70,L.O.M.,Paperback,156,2018,,,2025/01/20,to-read,to-read (#37),to-read,,,,0,0
11553583,Prokleta avlija,Ivo Andrić,"Andrić, Ivo",,"=""""","=""""",5,4.25,,Hardcover,120,,1954,,2017/09/18,,,read," - Još uvek je prava letnja vrelina. U Avlini sve kao i uvek. Jedne puštaju, drugi dolaze na njihovo mesto, a to se i ne primećuje. Svi su sporedni i nevažni. Avlija živi sama za sebe, sa stotinu promena, i uvek ista. <br/><br/>- Ako hoćeš da znaš kakva je neka država i njena uprava, i znaš kakva im je budućnost, gledaj samo da saznaš koliko u toj zemlji ima čestitih i nevinih ljudi po zatvorima, a koliko zlikovaca i prestupnika na slobodi.<br/>",,,2,1
63017297,My Husband,Maud Ventura,"Ventura, Maud",Emma Ramadan,"=""0063274825""","=""9780063274822""",0,3.65,HarperVia,Hardcover,272,2023,2021,,2025/01/18,to-read,to-read (#36),to-read,,,,0,0
6411961,"The Lost Symbol (Robert Langdon, #3)",Dan    Brown,"Brown, Dan",,"=""0385504225""","=""9780385504225""",5,3.76,Doubleday,Hardcover,509,2009,2009,,2017/09/18,,,read,,,,2,0
52639214,Priručnik za čistačice,Lucia Berlin,"Berlin, Lucia","Milica Kisić Božić, Lydia Davis","=""8664630062""","=""9788664630061""",0,4.19,IPC Media,Paperback,427,2019,2015,,2025/01/14,to-read,to-read (#35),to-read,,,,0,0
14028,Snow Country,Yasunari Kawabata,"Kawabata, Yasunari",Edward G. Seidensticker,"=""0679761047""","=""9780679761044""",0,3.56,Vintage,Paperback,175,1996,1948,,2025/01/13,to-read,to-read (#34),to-read,,,,0,0
104121427,Sva nasa tela : (superkratke price),Georgi Gospodinov,"Gospodinov, Georgi",,"=""8661453194""","=""9788661453199""",0,4.10,Geopoetika Beograd,Paperback,134,2019,2018,,2025/01/10,to-read,to-read (#33),to-read,,,,0,0
1363427,Kybalion: A Study of the Hermetic Philosophy of Ancient Egypt and Greece,Three Initiates,"Initiates, Three","William Walker Atkinson, Tre Iniziati","=""0911662251""","=""9780911662252""",0,4.23,Devorss & Co,Hardcover,223,1908,1912,,2025/01/08,to-read,to-read (#32),to-read,,,,0,0
7805,Pale Fire,Vladimir Nabokov,"Nabokov, Vladimir",,"=""""","=""""",0,4.17,Penguin Books Ltd,Paperback,246,2000,1962,,2025/01/06,to-read,to-read (#31),to-read,,,,0,0
20492487,Noć u Lisabonu,Erich Maria Remarque,"Remarque, Erich Maria",Kaliopa Nikolajević,"=""""","=""""",5,4.33,Otokar Keršovani,Hardcover,222,1966,1961,2024/11/22,2024/11/15,,,read,"U toku jedne noći u Lisabonu, izgnanik iz Nemačke, prepričava svoju priču o izgnanstvu drugom imigrantu dok čekaju brod za Ameriku.<br/>Ispovest o jednom životu. Ljubavna priča, koju Švarc prepričava kako bi kroz priču nastavili da žive.<br/><br/>4.5/5 ",,,1,0
8523085,Avanture nevaljale devojčice,Mario Vargas Llosa,"Llosa, Mario Vargas",,"=""8674368603""","=""9788674368602""",4,4.14,Laguna,Paperback,336,2008,2006,2024/11/14,2024/10/30,,,read,"Dobro je da sam uspela da završim ovu knjigu. Objektivno je dobra ideja, lep stil pisanja. Kažu da je drugačija od ostalih Ljosinih knjiga i da mu je ona najslabija. <br/><br/>U romanu je predstavljena ljubavna priča Rikarda i Nevaljale devojčice koja prati njihove živote od detinjstva. <br/><br/>Rikardo je čitavog života zaljubljen u Nevaljalu devojčicu dok ona uvek želi nešto drugo i u njegov život dolazi da napravi haos i ponovo ga povređujući traži novog, bogatog ljubavnika. Rikardo uvek pristaje na sve zahteve Nevaljale devojčice iako se ona ponaša prema njemu kao sadista. Volela bih da više znam o psihičkim poremećajima da bi mi bilo jasno koje psihičke smetnje imaju. Ne samo ona već i on.<br/><br/>Što se tiče ostalog u romanu, može se sagledati kao putopis jer Rikardo kao simultani prevodilac putuje po svetu i opisana je politička i društvena situacija u drugoj polovini 20. veka. <br/><br/>Da cela priča ne ide toliko u krajnost, ovo bi bio jedan sasvim lep roman. <br/><br/>Subjektivna ocena 2.5. <br/><br/>",,,1,0
25932763,Plodovi gneva,John Steinbeck,"Steinbeck, John","Jovan Popović, Radoš Novaković","=""8652118132""","=""9788652118137""",0,4.03,Laguna,Paperback,592,2015,1939,,2024/11/09,to-read,to-read (#30),to-read,,,,0,0
56500736,Slikar duša,Ildefonso Falcones,"Falcones, Ildefonso",,"=""8652140049""","=""9788652140046""",0,3.90,Laguna,Paperback,664,2020,2019,,2024/11/06,to-read,to-read (#29),to-read,,,,0,0
212031371,Himalaji: Ili kako sam zavoleo more,Ivan Stanković,"Stanković, Ivan",,"=""8651930275""","=""9788651930273""",0,4.12,Službeni glasnik,Paperback,195,2024,,,2024/11/06,to-read,to-read (#28),to-read,,,,0,0
17932289,Arizani,Ivan Ivanović,"Ivanović, Ivan",,"=""8613000029""","=""9788613000020""",0,4.65,BIGZ,Paperback,267,1986,1982,,2024/11/06,to-read,to-read (#27),to-read,,,,0,0
8788618,Katedrala na moru,Ildefonso Falcones,"Falcones, Ildefonso",Ivana Nikolić,"=""""","=""9788674368015""",0,4.18,Laguna,Paperback,548,2008,2006,,2024/11/06,to-read,to-read (#26),to-read,,,,0,0
197318784,Sezona berbe,Magdalena Blažević,"Blažević, Magdalena",,"=""9789533586""","=""""",4,3.99,Fraktura,Hardcover,147,2023,2023,2024/11/05,2024/11/03,,,read,"Sezona berbe definitvno predstavlja najveće iznenađenje ove godine. Pristupila sam joj bez očekivanja, možda sam se zbog toga i iznenadila, ali je zaista unikatno delo.  <br/><br/>Magdalena je stvorila pravi primer sinestezije - kada je zamislim, pred očima mi je slika, ulje na platnu, osetim jesen, ubrano voće i miris džema i čistog veša na žici. <br/><br/>Prvi deo romana prati ljubavnu priču fotografkinje Une, dok je u drugom delu romana akcenat na priči njene majke koja govori o ratu, borbi i ljubavi. Senzualna priča sva u fragmentima, isprepletana opisima prizora, emocija, kroz koje je protkan po neki snažni događaj, sa malo erotskih elemenata. Rečenica u rečenicu se sliva i zapravo čitalac nema doživljaj da čita roman. Sve je u nekom svom ritmu i u posebnoj atmosferi. Kao da smo delić nečijeg sećanja. <br/><br/>Iako sam se prijatno iznenadila, knjiga je objektivno za 4, jer fali nekih elemenata, priča je dosta neispričana i sklona interpretaciji, što je sa druge strane deo šarma ove knjige, ali verujem da u autorki čuči nešto jako lepo. Svakako me je motivisalo da pročitam još nešto od Magdalene Blažević i verujem da ima potencijala za neko odlično delo. <br/><br/>Za stil pisanja čista petica. ❤️<br/>",,,1,0
8660174,Dopler,Erlend Loe,"Loe, Erlend","Sofija Bilandžija, Nataša Ristivojević-Rajković, Mirna Stevanović","=""8676660581""","=""9788676660582""",3,3.90,Geopoetika,Paperback,147,2005,2004,2024/11/03,2024/11/02,,,read,"Ovo je jedna od knjiga gde mi je mišljenje podeljeno. Na momente mi je bila zabavna, ali definitivno ne mogu da se povežem sa autorom. <br/><br/>Svakako zanimljiv način poimanja stvari i interesantna kritika društva.<br/><br/>,,Uprkos svemu, ja nisam Indijanac, već čovek sopstvenog vremena. Neuspešan čovek svog vremena. Ili samo čovek neuspešnog vremena. Sve zavisi.’’",,,1,0
44169118,Cveće za Aldžernona,Daniel Keyes,"Keyes, Daniel",Nikola Pajvančić,"=""8652132410""","=""9788652132416""",5,4.24,Laguna,Paperback,272,2019,1966,2024/11/02,2024/10/24,,,read,"Ovo je priča o Čarliju Gordonu. Mladiću sa niskim koeficijentom inteligencije, koji je izabran da bude deo naučnog eksperimenta sa ciljem povećanja njegove inteligencije. Ovaj eksperiment je najpre rađen na mišu po imenu Aldžernon koji je pokazao odličan mentalni napredak, pa su sa eksperimentom nastavili na Čarliju.<br/><br/>Tada počinje Čarlijevo putovanje. Sa povećanjem inteligencije, Čarli počinje da bude svestan svojih odnosa sa prijateljima, porodicom i svetom koji ga okružuje. Shvata da su mu se ljudi uglavnom rugali i podsmevali i što je inteligentniji, odnos prema zaostalim ljudima ga sve više pogađa. <br/>Čak i kada dostiže natprosečnu inteligenciju, Čarli je ponovo izopšten iz društva, jer se opet nije uklapao. <br/><br/>Društvo ne podnosi drugačije ljude. Ovaj roman navodi čitaoca da razmisli o tome kako se društvo ponaša prema ljudima koji se ne uklapaju u društvene norme i da li je toliko teško prihvatiti drugačije od sebe? Ovakvi romani nam pokazuju koliko su ukorenjene neke stvari u društvu i da se od perioda pisanja ovog romana odnos prema malo drugačijim ljudima promenio vrlo malo, a možda ni toliko. <br/><br/>,,Inteligencija i obrazovanje koji nisu ublaženi ljudskom toplinom ne vrede baš ništa.’’<br/>4.5/5",,,1,0
220605414,Sve miriše na spas,Danijele Menkareli,"Menkareli, Danijele",,"=""""","=""""",0,4.16,Čigoja,Paperback,189,2023,2020,,2024/10/25,to-read,to-read (#25),to-read,,,,0,0
32186206,Muškarci bez žene,Haruki Murakami,"Murakami, Haruki",Nataša Tomić,"=""866145235X""","=""9788661452352""",0,3.74,Geopoetika,Paperback,247,2016,2014,,2024/09/23,to-read,to-read (#24),to-read,,,,0,0
39775351,The Sequel,R.L. Stine,"Stine, R.L.",,"=""1497695449""","=""9781497695443""",0,3.34,MysteriousPress.com/Open Road,Kindle Edition,66,2015,2014,,2024/09/04,to-read,to-read (#23),to-read,,,,0,0
57468942,Druga zemlja,James Baldwin,"Baldwin, James",Dusan Puvacic,"=""8601010083""","=""""",0,4.30,"Svjetlost, Sarajevo",Paperback,596,1986,1962,,2024/09/03,to-read,to-read (#22),to-read,,,,0,0
78950,"Little Men (Little Women, #2)",Louisa May Alcott,"Alcott, Louisa May","Justine Eyre, James Spanfeller","=""1406954365""","=""9781406954364""",0,3.88,Hard Press,Paperback,329,2006,1871,,2024/09/02,to-read,to-read (#21),to-read,,,,0,0
49696720,Little Woman,Louisa May Alcott,"Alcott, Louisa May",,"=""""","=""""",4,4.17,Aerie,Unknown Binding,456,1868,1868,2024/07/23,2024/03/27,,,read,"Meg, Džo, Bet i Ejmi ❤️ Simpatična i topla priča o životu 4 sestre u 19. veku.<br/><br/>U knjizi nema previše radnje niti velikih zapleta već je opisana samo lepota svakodnevnog života jedne porodice i u dobrim i lošijim vremenima. <br/><br/>Jako lepa karakterizacija likova doprinosi našoj prisnosti s glavnim junakinjama. Jasno mi je zašto se svrstava u klasike književnosti. ",,,1,0
166997,Stoner,John  Williams,"Williams, John",John McGahern,"=""1590171993""","=""9781590171998""",5,4.35,New York Review Books,Paperback,292,2006,1965,2024/09/02,2024/06/27,,,read,"Zaista umešno napisan roman. Prosto predstavlja život jednog običnog čoveka koji nije tražio mnogo, samo da sledi svoje strasti i načela. <br/>Priča koja je  se čini dosadnom, ali zapravo vas sve vreme navlači. <br/><br/>4.2, zato što je mi ostavila pomalo depresivan osećaj, iako Stoner nužno ne mora da se doživaljava kao nesrećan čovek. <br/>",,,1,0
28364542,Nesporazum u Moskvi,Simone de Beauvoir,"Beauvoir, Simone de",,"=""8652119171""","=""9788652119172""",2,3.71,Laguna,Paperback,102,2015,1966,2024/08/28,2024/08/27,,,read,"Toliko mi nije legla ova novelica, a kada sam pročitala malo o autorki, jasno mi je i zašto. ",,,1,0
38781341,East of Eden,John Steinbeck,"Steinbeck, John",,"=""""","=""""",5,4.44,Penguin,Paperback,640,2004,1952,2024/08/27,2024/07/04,,,read,,,,1,0
23515727,No Country for Old Men,Cormac McCarthy,"McCarthy, Cormac",,"=""0375706674""","=""9780375706677""",0,4.17,Vintage International,Paperback,309,2006,2005,,2024/08/18,to-read,to-read (#20),to-read,,,,0,0
168668,Catch-22,Joseph Heller,"Heller, Joseph",,"=""0684833395""","=""9780684833392""",0,3.99,Simon & Schuster ,Paperback,453,2004,1961,,2024/08/18,to-read,to-read (#19),to-read,,,,0,0
5107,The Catcher in the Rye,J.D. Salinger,"Salinger, J.D.",,"=""0316769177""","=""9780316769174""",3,3.80,Back Bay Books,Paperback,277,2001,1951,2024/08/12,2023/12/30,,,read,"Odmah nakon što sam završila sa čitanjem počela sam da istražujem zašto je ovo delo jedno od najboljih dela američke književnosti i nisam našla adekvatan odgovor. Ako neko želi da mi obrazloži, baš bi mi značilo. <br/><br/>",,,1,0
24854,Knulp,Hermann Hesse,"Hesse, Hermann",,"=""3518380710""","=""9783518380710""",4,3.87,Suhrkamp Verlag,Paperback,136,1988,1915,2024/08/04,2024/08/04,,,read,"Hese je Knulpa napisao 1915. godine - nekoliko godina pre Sidarte, Narcisa i Zlatoustog, Igre Đinđuvama, za koje se može reći da predstavljaju zrelije razdoblje Heseovog stvaralaštva, pa bi u odnosu na poznije radove ocena bila 4. <br/><br/>Kao i u nekoliko sledećih romana, protagonista je lutalica koji nije pronašao smisao življenja (ili možda jeste?). Vagabund koji se kreće kroz različita društva i nikoga ne ostavlja ravnodušnim ostavljajući dubok utisak u svima. Žene su ga naročito volele. Ali u samom romanu, za razliku od Narcisa i Zlatoustog, nije akcenat na njegovim ljubavnim vezama, već su u pitanje životne reminiscencije, razmatranja i posmatranje samog života i njegovih učesnika, samootkrivanje, usamljenost i pripadnost.<br/><br/>Pored traženje smisla života, obrađuje se i tema odnosa društva i pojedinca. Njegovoj autentičnosti se mnogi dive, potajno mu zavide, ali ga svakako savetuju da treba da radi isto što i oni. <br/><br/>Hese nas navodi na razmišljanje o sopstvenom putu i šta za nas znači sloboda? <br/><br/>- Vidiš, reče Bog, ti meni nisi bio potreban drukčiji, već baš takav kakav si. U moje ime si pešačio, i ustaljenim ljudima si neprestano donosio malo zavičajne tuge za slobodom. U moje ime si činio gluposti i puštao da ti se izrugaju: meni samom su se izrugivali u tebi, i mene su u tebi voleli. Jer ti si moje čedo i moj brat i delić mene, i nisi ni iskusio ni propatio ništa što ja nisam doživeo zajedno s tobom.",,,1,0
9539650,Bele noći,Fyodor Dostoevsky,"Dostoevsky, Fyodor",,"=""8637911153""","=""9788637911159""",0,4.07,Srpska knjizevna zadruga,Paperback,70,2010,1848,,2024/08/03,to-read,to-read (#18),to-read,,,,0,0
28491242,Džan [Џан],Andrei Platonov,"Platonov, Andrei",Aleksandar Badnjarević,"=""8679580147""","=""9788679580146""",4,4.07,"LOM, Beograd",Paperback,153,2009,1935,2024/02/11,2024/02/09,,,read,,,,1,0
9856721,Kradljivica knjiga,Markus Zusak,"Zusak, Markus",Nikola Pajvančić,"=""867436957X""","=""9788674369579""",5,4.39,Laguna,Paperback,533,2008,2005,2024/07/31,2024/07/27,,,read,,,,1,0
59977166,Miranda je nestala,Javier Castillo,"Castillo, Javier",Sandra Nešović,"=""8610041492""","=""9788610041491""",2,3.83,"Beograd: Vulkan izdavaštvo, 2021 (Beograd: Vulkan štamparija)",Paperback,302,2021,2019,2024/07/26,2024/07/24,,,read,"Htela sam da pročitam neki triler koji je uzbudljiv, ali ujedno i opuštajući. <br/>Kakva su lošija dela savremenih pisaca, ako ovakva dela spadaju u sam vrh? <br/><br/>Previše nabacanih događaja, bez ikakvog razrađivanja karaktera glavnih ličnosti. Samo da je više zapleta i raspleta naizgled nepredvidivih. Lepa ideja za triler, ali fali umeće pripovedanja. <br/>",,,1,0
11099407,Vreme čuda,Borislav Pekić,"Pekić, Borislav",,"=""8675600380""","=""""",0,4.48,Solaris,Hardcover,343,2006,1965,,2024/07/04,to-read,to-read (#17),to-read,,,,0,0
56597885,"Beautiful World, Where Are You",Sally Rooney,"Rooney, Sally",,"=""0374602603""","=""9780374602604""",3,3.53,"Farrar, Straus and Giroux",Hardcover,356,2021,2021,2024/06/26,2022/11/18,,,read,"Knjiga koja mi uopšte nije legla, iako se bavi aktuelnim temama. Sali Runi nazivaju književnim čudom, ali se to iz ove knjige ne može zaključiti. Nakon što sam već počela da čitam, saznala sam da joj je ovo slabije delo.  <br/>Možda su Normalni ljudi bolji. <br/>Da li treba doneti sud o autoru na osnovu jedne knjige ili dati šansu još nekom delu? <br/> ",,,1,0
6087523,Senka vetra (El cementerio de los libros olvidados #1),Carlos Ruiz Zafón,"Zafón, Carlos Ruiz",,"=""8677020233""","=""9788677020231""",5,4.31,Čarobna knjiga,Paperback,478,2005,2001,2024/06/24,2024/04/12,,,read,Interesantna atmosfera i likovi u knjizi. Vrlo maštovito osmišljeno. Što je neko napisao - film na papiru. <br/><br/>Na kraju je par predvidivih elemenata zbog kojih bi ocena bila 4.5.,,,1,0
40496,How Green Was My Valley,Richard Llewellyn,"Llewellyn, Richard",,"=""""","=""""",0,4.21,Penguin Classics,Paperback,448,2001,1939,,2024/06/08,to-read,to-read (#16),to-read,,,,0,0
24845639,Piková dáma,Alexander Pushkin,"Pushkin, Alexander",Bohumil Mathesius,"=""""","=""""",4,3.91,Práce,Paperback,56,1973,1834,2024/06/08,2024/06/08,,,read,,,,1,0
53243454,Sivac i ja,Juan Ramón Jiménez,"Jiménez, Juan Ramón",,"=""9997690729""","=""9789997690722""",0,3.85,Imprimatur,Paperback,230,2020,1914,,2024/06/01,to-read,to-read (#15),to-read,,,,0,0
25351086,Krojcerova sonata,Leo Tolstoy,"Tolstoy, Leo",,"=""8683967700""","=""9788683967704""",4,3.86,,,63,2015,1889,2024/05/24,2024/05/24,,,read,,,,1,0
18665225,Glasovi Marakeša : zapisi po nekem potovanju,Elias Canetti,"Canetti, Elias",Stanka Rendla,"=""9612313474""","=""""",4,3.66,Cankarjeva založba,Paperback,142,2003,1968,2024/04/26,2024/04/25,,,read,,,,1,0
32307358,"Origin (Robert Langdon, #5)",Dan    Brown,"Brown, Dan",,"=""""","=""""",3,3.90,Doubleday ,ebook,480,2017,2017,2018/01/14,2024/04/24,,,read,"Mickey Mouse again, seriously?<br/><br/>Merged review:<br/><br/>Mickey Mouse again, seriously?",,,2,0
40961619,Nepodnosljiva lakoca postojanja,Milan Kundera,"Kundera, Milan",,"=""8674706916""","=""9788674706916""",5,4.11,Kosmos,Hardcover,0,2016,1984,2024/04/23,2023/12/23,,,read,,,,1,0
205920627,Karlove šetnje s knjigama,Carsten Henn,"Henn, Carsten",Dušica Milojković,"=""865214947X""","=""9788652149476""",0,4.11,Laguna,Paperback,208,2023,2020,,2024/04/13,to-read,to-read (#14),to-read,,,,0,0
42758384,Gazda Mladen,Borisav Stanković,"Stanković, Borisav",,"=""8829548138""","=""9788829548132""",5,4.38,Klasika,ebook,99,2018,1928,2024/04/12,2024/04/11,,,read,,,,1,0
7671672,Kad je Niče plakao,Irvin D. Yalom,"Yalom, Irvin D.",Olivera Živanović,"=""""","=""9788644705451""",5,4.36,Plato,Paperback,381,2011,1992,2024/04/11,2024/04/08,,,read,,,,1,0
75581026,Persephone Made Me Do It,Trista Mateer,"Mateer, Trista",,"=""""","=""9781771682923""",0,4.18,Central Avenue Publishing,Kindle Edition,176,2023,2023,,2024/04/09,to-read,to-read (#13),to-read,,,,0,0
4707988,Lovac na zmajeve,Khaled Hosseini,"Hosseini, Khaled",Nikola Pajvančić,"=""8674365027""","=""9788674365021""",4,4.36,Laguna,Paperback,342,2006,2003,2024/04/07,2024/03/28,,,read,,,,1,0
6621972,Proljeća Ivana Galeba,Vladan Desnica,"Desnica, Vladan",,"=""8617049901""","=""9788617320698""",0,4.12,Globus media,Hardcover,402,1997,1957,,2024/04/06,,,read,,,,1,0
15853780,Narcis i Zlatousti,Hermann Hesse,"Hesse, Hermann",Bojana Zeljko-Lipovšćak,"=""953623436X""","=""""",5,4.22,Zagrebačka naklada,Paperback,288,1997,1930,2024/03/28,2024/02/21,,,read,,,,1,0
24698181,Tatarska pustinja,Dino Buzzati,"Buzzati, Dino",Sanja Ljubisavljević,"=""8683503224""","=""""",5,4.21,Mono : Maňana press; Beopolis (Beograd),Hardcover,277,,1940,2024/03/26,2024/03/24,,,read,,,,1,0
128029,A Thousand Splendid Suns,Khaled Hosseini,"Hosseini, Khaled",,"=""1594489505""","=""9781594489501""",4,4.45,Riverhead Books,Hardcover,372,2007,2007,2024/03/24,2023/12/23,,,read,,,,1,0
28091733,"Idi, postavi stražara",Harper Lee,"Lee, Harper",Marko Kovačić,"=""9533432926""","=""9789533432922""",4,3.31,"Znanje, Zagreb",Hardcover,244,2015,2015,2024/03/21,2024/02/23,,,read,,,,1,0
2657,To Kill a Mockingbird,Harper Lee,"Lee, Harper",,"=""0060935464""","=""9780060935467""",5,4.26,Harper Perennial Modern Classics ,Paperback,323,2006,1960,2024/02/21,2023/12/30,,,read,,,,1,0
169020260,SLIKAR PROLAZNOG SVETA,Kazuo Isiguro,"Isiguro, Kazuo",,"=""""","=""""",0,4.00,SRPSKA KNJIZEVNA ZADRUGA BEOGRAD,Hardcover,0,1991,,,2024/02/16,to-read,to-read (#12),to-read,,,,0,0
18274586,Volite li Bramsa...,Françoise Sagan,"Sagan, Françoise",,"=""""","=""""",3,3.72,Beograd: Book & Marso,Paperback,143,2006,1959,2024/02/15,2024/02/15,,,read,,,,1,0
11168610,"Dobar dan, tugo",Françoise Sagan,"Sagan, Françoise",Ivo Klarić,"=""""","=""""",3,3.74,Večernji list,Hardcover,112,2004,1954,2024/02/14,2024/02/14,,,read,,,,1,0
6514,The Bell Jar,Sylvia Plath,"Plath, Sylvia",,"=""0571268862""","=""9780571268863""",0,4.05,Harper Perennial Modern Classics,Paperback,294,2006,1963,2024/02/07,2017/11/15,,,read,,,,1,0
86076359,"Juzno od granice, zapadno od sunca",Haruki Murakami,"Murakami, Haruki",,"=""""","=""""",4,3.85,Geopoetika,Paperback,0,2022,1992,,2023/12/23,,,read,,,,1,0
7539704,Norveška šuma,Haruki Murakami,"Murakami, Haruki",Nataša Tomić,"=""8676661138""","=""9788676661138""",4,3.99,Geopoetika,Paperback,336,2007,1987,2024/01/20,2024/01/03,,,read,,,,1,0
329866,The Dream of a Ridiculous Man,Fyodor Dostoevsky,"Dostoevsky, Fyodor",Fyodor Dostoyevsky,"=""1419160222""","=""9781419160226""",5,4.03,Kessinger Publishing,Paperback,32,2004,1877,,2024/01/15,,,read,,,,1,0
45323630,U senci masline,Lucinda Riley,"Riley, Lucinda",Branislava Radević-Stojiljković,"=""8652133697""","=""9788652133697""",0,4.04,Laguna,Paperback,512,2019,2016,,2024/01/11,,,read,,,,1,0
22049814,Na Drini ćuprija / Prokleta avlija,Ivo Andrić,"Andrić, Ivo",,"=""""","=""""",5,4.33,Prosveta,Hardcover,448,2003,1945,,2017/09/18,,,read,,,,1,1
45974,The Book of Disquiet,Fernando Pessoa,"Pessoa, Fernando","Bernardo Soares, Richard Zenith","=""0141183047""","=""9780141183046""",0,4.39,Penguin Classics,Paperback,544,2002,1982,,2024/01/02,to-read,to-read (#11),to-read,,,,0,0
90260,"The Road to Los Angeles (The Saga of Arturo Bandini, #2)",John Fante,"Fante, John",,"=""0876856490""","=""9780876856499""",0,3.79,Ecco,Paperback,166,2002,1985,,2024/01/02,to-read,to-read (#10),to-read,,,,0,0
12052262,Pseće srce,Mikhail Bulgakov,"Bulgakov, Mikhail",Dajić Putnik,"=""8679580007""","=""9788679580009""",4,4.08,LOM,Paperback,126,2008,1925,2024/01/02,2024/01/02,,,read,,,,1,0
53447,El túnel,Ernesto Sabato,"Sabato, Ernesto",Nino Pipia,"=""9871144261""","=""9789871144266""",5,4.02,Booket,Paperback,158,2003,1948,2024/01/02,2024/01/01,,,read,"Savršeno predstavljen unutrašnji svet posesivnog i poremećenog čoveka koji živi u svom tunelu i ne može da pojmi, niti da učestvuje u spoljašnjem svetu, jer život posmatra samo kroz svoju imaginaciju, kroz svoje interpretacije i kroz svoja snažna osećanja.<br/>Sebična ličnost koja pre rešava da oduzme tuđi život umesto svog, koja ne pokušava da razume nikoga osim sebe. ",,,1,0
46787,Uncle Tom’s Cabin,Harriet Beecher Stowe,"Stowe, Harriet Beecher",,"=""""","=""""",0,3.92,Wordsworth Classics,Paperback,438,1999,1852,,2023/12/30,,,read,,,,1,0
15645,Inferno,Dante Alighieri,"Alighieri, Dante",Anthony Esolen,"=""0812970063""","=""9780812970067""",0,4.03,Modern Library,Kindle Edition,490,2022,1321,,2023/12/30,,,read,,,,1,0
1420,Hamlet,William Shakespeare,"Shakespeare, William","Harold Bloom, Rex Gibson, Israel Gollancz, Henry Norman Hudson, L.A. Sherman, Max J. Herzberg","=""0521618746""","=""9780521618748""",0,4.03,Cambridge University Press,Paperback,289,2005,1601,,2023/12/30,,,read,,,,1,0
45047384,"The House in the Cerulean Sea (Cerulean Chronicles, #1)",T.J. Klune,"Klune, T.J.",,"=""""","=""""",0,4.36,Tor Books,Kindle Edition,394,2020,2020,,2023/12/30,to-read,to-read (#9),to-read,,,,0,0
50623864,The Invisible Life of Addie LaRue,V.E. Schwab,"Schwab, V.E.",Victoria Schwab,"=""0765387565""","=""9780765387561""",0,4.16,Tor Books,Hardcover,448,2020,2020,,2023/12/30,to-read,to-read (#8),to-read,,,,0,0
36809135,Where the Crawdads Sing,Delia Owens,"Owens, Delia",,"=""0735219117""","=""9780735219113""",0,4.37,G.P. Putnam’s Sons,ebook,384,2018,2018,,2023/12/23,to-read,to-read (#7),to-read,,,,0,0
12406029,"Južno od granice, zapadno od sunca",Haruki Murakami,"Murakami, Haruki",Nataša Tomić,"=""867666093X""","=""9788676660933""",4,3.85,Geopoetika,Paperback,174,2006,1992,2023/12/11,2023/12/08,,,read,Šta god da se dešava iznutra - trivije svakodnevnog života pobeđuju.,,,1,0
10956043,Šantaram,Gregory David Roberts,"Roberts, Gregory David",Blaga Lazić,"=""8676620709""","=""9788676620708""",0,4.28,Algoritam,Hardcover,759,2008,2003,,2023/12/11,to-read,to-read (#6),to-read,,,,0,0
485894,The Metamorphosis,Franz Kafka,"Kafka, Franz",Stanley Corngold,"=""0553213695""","=""9780553213690""",4,3.90,Bantam Classics,Mass Market Paperback,201,1972,1915,2023/12/08,2017/09/18,,,read,,,,1,0
17183103,Gospodar muva,William Golding,"Golding, William",Nenad Dropulić,"=""8674366376""","=""9788674366370""",0,3.70,Laguna,Paperback,208,2007,1954,,2023/12/01,to-read,to-read (#5),to-read,,,,0,0
67991210,"Mnogo zivota mnogo ucitelja - Istinita prica o uglednom psihijatru, njegovoj mladoj pacijentkinji i terapiji vracanjem u prosle zivote, koja im je oboma promenila zivot",Brajan Vajs,"Vajs, Brajan",,"=""8679504319""","=""9788679504319""",4,4.00,Leo commerce,Paperback,0,2017,,2023/11/29,2023/11/26,,,read,,,,1,0
25397832,O miševima i ljudima,John Steinbeck,"Steinbeck, John",Danilo Mihajlović,"=""8652118124""","=""9788652118120""",5,3.90,Laguna,Paperback,120,2015,1937,2023/11/25,2023/11/24,,,read,,,,1,0
2710328,Le Procès De Franz Kafka,Franz Kafka,"Kafka, Franz","Jean-Claude Götting, Alexandre Vialatte, Claude David","=""2737627443""","=""9782737627446""",5,3.94,Futuro Galli,Hardcover,192,1992,1925,,2017/09/18,,,read,,,,1,0
13495484,Veliki Getsbi,F. Scott Fitzgerald,"Fitzgerald, F. Scott",Aleksandar Saša Petrović,"=""865210882X""","=""9788652108824""",4,3.93,Laguna,Paperback,219,2011,1925,2023/11/14,2023/11/13,,,read,,,,1,0
17186560,O čemu govorim kada govorim o trčanju,Haruki Murakami,"Murakami, Haruki",Vojo Šindolić,"=""953286086X""","=""9789532860863""",4,3.87,Vuković & Runjić,Paperback,196,2012,2007,2023/11/13,2023/11/02,,,read,,,,1,0
6437669,Kad padne noć,Haruki Murakami,"Murakami, Haruki",Nataša Tomić,"=""8676661464""","=""9788676661466""",5,3.74,Geopoetika,Paperback,152,2008,2004,2023/11/15,2023/11/02,,,read,,,,1,0
62321638,Dok se kafa ne ohladi,Toshikazu Kawaguchi,"Kawaguchi, Toshikazu",Slađana Kuzeljević,"=""8610044122""","=""9788610044126""",5,3.66,Vulkan izdavaštvo,Paperback,238,2022,2015,2023/11/08,2023/11/02,,,read,,,,1,0
34373844,Razgovori s Bogom 1,Neale Donald Walsch,"Walsch, Neale Donald",,"=""""","=""9788683909759""",5,4.21,"ID Leo commerce, Beograd",Paperback,164,2015,1995,2023/07/31,2023/09/24,,,read,,,,3,0
58537332,"The Myth of Normal: Trauma, Illness, and Healing in a Toxic Culture",Gabor Maté,"Maté, Gabor",Daniel Maté,"=""0593083881""","=""9780593083888""",5,4.31,Avery,Hardcover,576,2022,2022,,2023/09/24,,,read,,,,3,0
254308,Oblomov,Ivan Goncharov,"Goncharov, Ivan","Galya Diment, Stephen Pearl","=""1933480092""","=""9781933480091""",5,4.14,Bunim & Bannigan Ltd,Paperback,586,2006,1859,,2017/09/15,,,read,,,,1,1
49437529,Budni u 5: i vaš je čitav svijet,Robin Sharma,"Sharma, Robin",,"=""953485526X""","=""9789534855263""",3,3.68,Koncept izdavaštvo,,312,2019,2018,,2023/02/07,,,read,,,,1,0
57812106,Firekeeper's Daughter,Angeline Boulley,"Boulley, Angeline",,"=""""","=""""",0,4.31,Henry Holt and Co. (BYR),Hardcover,494,2021,2021,,2022/11/18,to-read,to-read (#4),to-read,,,,0,0
43439699,Skärmhjärnan,Anders Hansen,"Hansen, Anders",,"=""9174247964""","=""9789174247961""",3,3.93,Bonnier Fakta,Hardcover,216,2019,2019,2022/11/12,2022/11/11,,,read,,,,1,0
50516,Shakespeare Never Did This,Charles Bukowski,"Bukowski, Charles",Michael Montfort,"=""0876859686""","=""9780876859681""",3,3.68,Ecco,Paperback,176,2002,1979,,2022/11/12,,,read,,,,1,0
38505,Hollywood,Charles Bukowski,"Bukowski, Charles",Cecilia Ceriani,"=""843391426X""","=""9788433914262""",3,3.81,Editorial Anagrama,Mass Market Paperback,320,2006,1989,,2022/11/12,,,read,,,,1,0
32585,Hunger,Knut Hamsun,"Hamsun, Knut",,"=""0486431681""","=""9780486431680""",5,4.04,Dover Publications,Paperback,134,2003,1890,2023/04/30,2022/11/12,,,read,,,,1,0
43889639,Reality Transurfing 1: The Space of Variations (Reality Transurfing Series),Vadim Zeland,"Zeland, Vadim",,"=""""","=""""",5,4.26,Ves Publishing,Kindle Edition,459,2019,2004,,2022/11/11,,,read,,,,1,0
60833301,Nesputana duša,Michael A. Singer,"Singer, Michael A.",,"=""8644500368""","=""9788644500360""",5,4.20,Verba,,231,,2007,,2022/11/11,,,read,,,,1,0
18458985,Zašto se niste ubili: Traženje smisla življenja,Viktor E. Frankl,"Frankl, Viktor E.",Vera Vesković Albulj,"=""""","=""""",4,4.37,Žarko Albulj,Paperback,114,1994,1946,,2022/11/11,,,read,,,,1,0
10031966,Orkanski visovi,Emily Brontë,"Brontë, Emily",Zora Minderović,"=""""","=""""",4,3.90,Narodna knjiga Beograd,Hardcover,463,1953,1847,,2017/09/18,,,read,,,,1,0
27691736,Verónica decide morir,Paulo Coelho,"Coelho, Paulo",,"=""1512092649""","=""9781512092646""",4,3.74,CreateSpace Independent Publishing Platform,Paperback,116,2015,1998,,2017/09/18,,,read,,,,1,0
12213137,Alef,Paulo Coelho,"Coelho, Paulo",,"=""9632931335""","=""9789632931333""",5,3.38,Atheneum,Hardcover,280,2011,2010,,2017/09/18,,,read,,,,1,0
1601129,An Illustrated History of the USA,Bryn O'Callaghan,"O'Callaghan, Bryn",,"=""0582749212""","=""9780582749214""",3,3.87,Longman,Paperback,144,1990,1990,2018/05/23,2018/05/02,,,read,,,,1,0
34386619,Čovek po imenu Uve,Fredrik Backman,"Backman, Fredrik",Nikola Perišić,"=""8652124655""","=""9788652124657""",3,4.38,Laguna,Paperback,354,2017,2012,2019/02/04,2018/04/01,,,read,,,,1,0
227443,"Bridget Jones’s Diary (Bridget Jones, #1)",Helen Fielding,"Fielding, Helen",,"=""014028009X""","=""9780140280098""",3,3.81,Penguin Books,Hardcover,288,1999,1996,,2018/05/16,,,read,,,,2,0
35160593,Očevi i deca,Ivan Turgenev,"Turgenev, Ivan",,"=""""","=""""",5,4.00,Gutenbergova galaksija,Hardcover,211,2003,1862,,2017/09/18,,,read,,,,1,0
12468970,Sramota,J.M. Coetzee,"Coetzee, J.M.",Petar Vujačić,"=""9537160203""","=""9789537160203""",4,3.86,Globus media,Hardcover,223,2004,1999,2017/11/04,2017/10/29,,,read,,,,1,0
81903,"Curtain (Hercule Poirot, #44)",Agatha Christie,"Christie, Agatha",,"=""0425173747""","=""9780425173749""",5,4.10,Berkley,Mass Market Paperback,215,2000,1975,,2017/10/31,,,read,,,,1,0
16349,"Hercule Poirot's Christmas (Hercule Poirot, #20)",Agatha Christie,"Christie, Agatha",,"=""0007120699""","=""9780007120697""",4,3.98,Harper Collins Publishers,Paperback,335,2001,1938,,2017/10/31,,,read,,,,1,0
247,Quiet Days in Clichy,Henry Miller,"Miller, Henry",,"=""080213016X""","=""9780802130167""",2,3.61,Grove Press,Paperback,154,1994,1956,,2017/10/29,,,read,,,,1,0
265650,Shakespeare's Romeo and Juliet,Michael Rosen,"Rosen, Michael",Jane E. Ray,"=""0763622583""","=""9780763622589""",3,4.13,Candlewick,Hardcover,80,2003,2003,,2017/09/22,,,read,,,,1,0
6565891,Јазавац пред судом,Petar Kočić,"Kočić, Petar",,"=""""","=""""",3,3.96,JRJ,Hardcover,119,2010,1904,,2017/09/22,,,read,,,,1,0
6784536,Drak sa vracia,Dobroslav Chrobák,"Chrobák, Dobroslav","Jozef Bob, Ján Meisner","=""""","=""""",3,3.53,Tatran,Hardcover,252,1971,1943,,2017/09/22,,,read,,,,1,0
12650160,Ťapákovci,Božena Slančíková Timrava,"Timrava, Božena Slančíková",,"=""8088735742""","=""9788088735748""",3,2.96,Vydavateľstvo Spolku slovenských spisovateľov,Hardcover,154,1998,1914,,2017/09/22,,,read,,,,1,0
6406657,Pop Ćira i pop Spira,Stevan Sremac,"Sremac, Stevan",,"=""8676094047""","=""9788676094042""",5,3.65,JRJ,Hardcover,282,2009,1894,,2017/09/22,,,read,,,,1,0
143510,Five Great Short Stories (Dover Thrift Editions: Short Stories),Anton Chekhov,"Chekhov, Anton",,"=""0486264637""","=""9780486264639""",5,3.91,Dover Publications,Paperback,94,1990,1990,,2017/09/22,,,read,,,,1,0
6754775,Nečista krv,Borisav Stanković,"Stanković, Borisav",,"=""8684941284""","=""9788684941284""",5,3.83,Alexandria,Paperback,252,2004,1910,,2017/09/22,,,read,,,,1,0
7294729,Una,Momo Kapor,"Kapor, Momo",,"=""""","=""""",0,3.82,Znanje,Paperback,262,1981,1981,,2017/09/22,to-read,to-read (#3),to-read,,,,0,0
6120158,Rani jadi,Danilo Kiš,"Kiš, Danilo",,"=""860701594X""","=""9788607015948""",5,3.94,Prosveta,Hardcover,97,2005,1970,,2017/09/22,,,read,,,,1,0
6251965,Кад су цветале тикве,Dragoslav Mihailović,"Mihailović, Dragoslav",,"=""8690309152""","=""9788690309153""",5,4.10,IKP Inicijal,Hardcover,140,2007,1968,,2017/09/22,,,read,,,,1,0
6124984,Корени,Dobrica Ćosić,"Ćosić, Dobrica",,"=""8670583089""","=""""",5,3.87,Gutenbergova galaksija,Hardcover,284,2005,1954,,2017/09/22,,,read,,,,1,0
197132,The Collected Poems,Sergei Yesenin,"Yesenin, Sergei",Gregory Brengauz,"=""0970580304""","=""9780970580306""",5,4.31,Floridian Publisher,,700,2000,1961,,2017/09/22,,,read,,,,1,0
496241,"Penguin Passnotes: Charlotte Bronte's ""Jane Eyre""",Anne Holker,"Holker, Anne",,"=""0140770038""","=""9780140770032""",3,4.36,Penguin Books Ltd,Paperback,112,1984,1984,,2017/09/22,,,read,,,,1,0
118413,The Bedbug and Selected Poetry,Vladimir Mayakovsky,"Mayakovsky, Vladimir",,"=""0253201896""","=""9780253201898""",5,4.20,Indiana University Press,Paperback,320,1975,1929,,2017/09/22,,,read,,,,1,0
5974286,"Orlovi rano lete (Pionirska trilogija, #1)",Branko Ćopić,"Ćopić, Branko",,"=""8683695050""","=""9788683695058""",5,4.33,Mali Princ Beograd,Paperback,158,2002,1957,,2017/09/22,,,read,,,,1,0
17563191,Malka (novely),František Švantner,"Švantner, František",,"=""""","=""""",3,3.69,Matica slovenská,Paperback,214,1942,1942,2017/01/01,2017/09/18,,,read,,,,1,0
49552,The Stranger,Albert Camus,"Camus, Albert",Matthew  Ward,"=""""","=""""",4,4.03,Vintage International,Paperback,123,1989,1942,,2017/09/20,,,read,,,,1,0
36018707,Gospodin iz San-Frantsisko. [proizvedeniia 1915-16 g.] (Russian Edition),I.V. Bunin,"Bunin, I.V.",,"=""064916282X""","=""9780649162826""",5,5.00,Trieste Publishing,Paperback,224,2018,,,2017/09/18,,,read,,,,1,0
19442440,Lužinova odbrana,Vladimir Nabokov,"Nabokov, Vladimir",,"=""""","=""9788683635795""",4,3.94,NNK international,Paperback,268,2009,1929,,2017/09/18,,,read,,,,1,0
13089421,Pomalo neobični slučajevi,Daniil Kharms,"Kharms, Daniil","Daniil Kharms, Irena Lukšić","=""9536683113""","=""""",5,4.48,Šareni dućan,Paperback,256,2001,2001,,2017/09/18,,,read,,,,1,0
12126548,Tako mrtvi vole,Charles Bukowski,"Bukowski, Charles",Flavio Rigonat,"=""8679580082""","=""9788679580085""",4,3.80,LOM,Paperback,380,2007,,,2017/09/18,,,read,,,,1,0
8529716,Ostrvo,Meša Selimović,"Selimović, Meša",,"=""8687019408""","=""9788687019409""",3,4.39,Štampar Makarije,Hardcover,176,2008,1974,,2017/09/18,,,read,,,,1,0
17886,Fyodor Dostoyevsky's Crime and Punishment,John D. Simons,"Simons, John D.",Monarch Notes,"=""0671005170""","=""9780671005177""",5,4.52,Monarch Notes,Paperback,97,1988,1988,,2017/09/18,,,read,,,,1,0
65882,Dostoïevski Trip,SOROKINE Vladimir,"Vladimir, SOROKINE",,"=""2912464994""","=""9782912464996""",4,3.84,SOLITAIRES INT,Hardcover,72,2001,2001,,2017/09/18,,,read,,,,1,0
297165,Selected Poems,Alexander Blok,"Blok, Alexander",,"=""1857544730""","=""9781857544732""",5,4.28,Carcanet Press Ltd.,Paperback,128,2000,1918,,2017/09/18,,,read,,,,1,0
8428604,Dom v stráni,Martin Kukučín,"Kukučín, Martin",,"=""8055102953""","=""""",2,3.08,Ikar,Hardcover,312,2002,1912,,2017/09/18,,,read,,,,1,0
7424373,Tvrdica,Jovan Sterija Popović,"Popović, Jovan Sterija",,"=""8637910068""","=""9788637910060""",3,3.32,Srpska književna zadruga,Paperback,73,2008,1837,,2017/09/18,,,read,,,,1,0
6296145,Seobe,Miloš Crnjanski,"Crnjanski, Miloš",,"=""""","=""""",5,3.75,"Novosti, Beograd",Hardcover,250,2004,1929,,2017/09/18,,,read,,,,1,0
6747126,Gorski vijenac,Petar II Petrović Njegoš,"Njegoš, Petar II Petrović",,"=""863791070X""","=""9788637910701""",4,3.89,,Hardcover,205,2009,1847,,2017/09/18,,,read,,,,1,0
6352279,Koštana,Borisav Stanković,"Stanković, Borisav",,"=""8637909310""","=""9788637909316""",3,3.44,Srpska književna zadruga,Paperback,84,2003,1902,,2017/09/18,,,read,,,,1,0
157993,The Little Prince,Antoine de Saint-Exupéry,"Saint-Exupéry, Antoine de",Richard Howard,"=""0152023984""","=""9780152023980""",3,4.33,"Harcourt, Inc.",Hardcover,96,2000,1943,,2017/09/18,,,read,,,,1,0
2165,The Old Man and the Sea,Ernest Hemingway,"Hemingway, Ernest",,"=""0684830493""","=""9780684830490""",4,3.81,Scribner,Hardcover,96,1996,1952,,2017/09/18,,,read,,,,1,0
9582970,Sumnjivo lice,Branislav Nušić,"Nušić, Branislav",,"=""8637910629""","=""9788637910626""",3,4.06,Srpska književna zadruga,Paperback,104,2009,,,2017/09/18,,,read,,,,1,0
13335037,"Divergent (Divergent, #1)",Veronica Roth,"Roth, Veronica",,"=""0062024035""","=""9780062024039""",3,4.13,Katherine Tegen Books,Paperback,487,2012,2011,,2017/09/18,,,read,,,,1,0
11735983,"Insurgent (Divergent, #2)",Veronica Roth,"Roth, Veronica",,"=""0007442912""","=""9780007442911""",3,3.96,HarperCollins Children's Books,Hardcover,525,2012,2012,,2017/09/18,,,read,,,,1,0
18710190,"Allegiant (Divergent, #3)",Veronica Roth,"Roth, Veronica",,"=""0007524277""","=""9780007524273""",3,3.60,HarperCollins Children's Book's,Hardcover,531,2013,2013,,2017/09/18,,,read,,,,1,0
41865,"Twilight (The Twilight Saga, #1)",Stephenie Meyer,"Meyer, Stephenie",,"=""0316015849""","=""9780316015844""",2,3.67,"Little, Brown and Company",Paperback,498,2006,2005,,2017/09/18,,,read,,,,1,0
10818853,"Fifty Shades of Grey (Fifty Shades, #1)",E.L. James,"James, E.L.",,"=""1612130291""","=""9781612130293""",1,3.67,Vintage,Paperback,356,2011,2011,,2017/09/18,,,read,,,,1,0
11857408,"Fifty Shades Darker (Fifty Shades, #2)",E.L. James,"James, E.L.",,"=""1612130585""","=""9781612130583""",1,3.83,The Writer's Coffee Shop Publishing House,Paperback,532,2011,2011,,2017/09/18,,,read,,,,1,0
13536860,"Fifty Shades Freed (Fifty Shades, #3)",E.L. James,"James, E.L.",,"=""0345803507""","=""9780345803504""",1,3.83,Vintage Books,Paperback,579,2013,2012,,2017/09/18,,,read,,,,1,0
67238,Dead Poets Society,N.H. Kleinbaum,"Kleinbaum, N.H.",Tom Schulman,"=""0553282980""","=""9780553282986""",0,4.17,Starfire,Paperback,166,1989,1988,,2017/09/18,to-read,to-read (#2),to-read,,,,0,0
83674,The Bridges of Madison County,Robert James Waller,"Waller, Robert James",,"=""0446364495""","=""9780446364492""",3,3.72,Grand Central Publishing,Mass Market Paperback,182,1995,1992,,2017/09/18,,,read,,,,1,0
836126,Faktotum.,Charles Bukowski,"Bukowski, Charles",,"=""3423123877""","=""9783423123877""",4,3.92,dtv,Paperback,210,1997,1975,,2017/09/18,,,read,,,,1,0
117251,"Hamlet: Screenplay, Introduction And Film Diary",Kenneth Branagh,"Branagh, Kenneth",William Shakespeare,"=""0393315053""","=""9780393315059""",4,4.14,W. W. Norton & Company,Paperback,208,1996,1996,,2017/09/18,,,read,,,,1,0
6961313,Romeo i Julia,William Shakespeare,"Shakespeare, William",Józef Paszkowski,"=""""","=""""",4,3.74,Greg,Paperback,152,2016,1590,,2017/09/18,,,read,,,,1,0
7612084,V úzkosti hľadania,Dominik Tatarka,"Tatarka, Dominik","Hana Ponická, Milan Hamada, Ervín Semian","=""8071401153""","=""9788071401155""",4,3.83,Tranoscius,Hardcover,195,1997,1942,,2017/09/18,,,read,,,,1,0
36260935,Voda nešto nosi,Lajos Zilahy,"Zilahy, Lajos",Stipe Vojnović,"=""""","=""""",4,3.98,"""Otokar Keršovani"", Rijeka",Unknown Binding,254,1959,1928,,2017/09/18,,,read,,,,1,0
16101872,Razum i osećajnost,Jane Austen,"Austen, Jane",,"=""8677108696""","=""9788677108694""",4,4.09,Alnari,Paperback,334,2012,1811,,2017/09/18,,,read,,,,1,0
23279545,Preljuba,Paulo Coelho,"Coelho, Paulo",Jovan Tatić,"=""8652116873""","=""9788652116874""",1,3.09,Laguna,Hardcover,272,2014,2012,,2017/09/18,,,read,,,,1,0
32828949,Špijunka,Paulo Coelho,"Coelho, Paulo",,"=""8652121435""","=""9788652121434""",2,3.38,Laguna,Paperback,164,2016,2017,,2017/09/18,,,read,,,,1,0
17847548,Đavo i gospođica Prim,Paulo Coelho,"Coelho, Paulo",Jasmina Nešković,"=""8674485227""","=""9788674485224""",3,3.62,Paideia,Hardcover,153,2002,2000,,2017/09/18,,,read,,,,1,0
22930642,"Misteriozni gospodin Kvin (Harley Quin, #1)",Agatha Christie,"Christie, Agatha",,"=""8633115883""","=""9788633115889""",5,3.74,Narodna knjiga,Paperback,316,2004,1930,,2017/09/18,,,read,,,,1,0
16322,"The A.B.C. Murders (Hercule Poirot, #13)",Agatha Christie,"Christie, Agatha",,"=""1579126243""","=""9781579126247""",4,4.03,Black Dog & Leventhal Pub,Hardcover,207,2006,1936,,2017/09/18,,,read,,,,1,0
36152207,Nulta tačka,Agatha Christie,"Christie, Agatha",Tamara Đorđević,"=""8633116138""","=""""",4,3.96,Narodna knjiga,Paperback,246,2004,1944,,2017/09/18,,,read,,,,1,0
24898371,"Ubistvo Rodžera Akrojda (Hercule Poirot, #4)",Agatha Christie,"Christie, Agatha",Ivana Golubović,"=""8679284033""","=""9788679284037""",5,4.26,Mladinska knjiga,Paperback,295,2014,1926,,2017/09/18,,,read,,,,1,0
76171,We,Yevgeny Zamyatin,"Zamyatin, Yevgeny",Clarence Brown,"=""0140185852""","=""9780140185850""",5,3.88,Penguin Books,Paperback,256,1993,1924,,2017/09/18,,,read," George Orwell rewieved Zamyatin's book We, and three years after that, he wrote 1984 with identical topic. Coincidence? I don't think so... It's plagiarism. <br/><br/>",,,1,0
27130201,Kapetanova kći,Alexander Pushkin,"Pushkin, Alexander",,"=""1517603854""","=""9781517603854""",3,3.85,Createspace Independent Publishing Platform,Paperback,142,2015,1836,,2017/09/18,,,read,,,,1,0
16041554,Nevesta hôľ a iné prózy,František Švantner,"Švantner, František",Jana Kuzmíková,"=""8071499943""","=""""",3,3.96,Kalligram,Hardcover,632,2007,1946,,2017/09/18,,,read,,,,1,0
18632665,Adam Šangala,Ladislav Nádaši-Jégé,"Nádaši-Jégé, Ladislav",,"=""""","=""""",3,3.56,Tatran,Hardcover,316,1976,1923,,2017/09/18,,,read,,,,1,0
33975229,Živý bič II. (Adam Hlavaj),Milo Urban,"Urban, Milo",Martin Benka,"=""""","=""""",4,3.75,"Sväz slovenského študentstva, Leopold Mazáč",Paperback,235,1927,1927,,2017/09/18,,,read,,,,1,0
10053116,Živý bič,Milo Urban,"Urban, Milo",,"=""808046233X""","=""9788080462338""",4,3.62,Perfekt,Hardcover,304,2003,1927,,2017/09/18,,,read,,,,1,0
8387618,Kamarát Jašek. Drak sa vracia,Dobroslav Chrobák,"Chrobák, Dobroslav",,"=""8089208398""","=""9788089208395""",3,3.55,Vydavateľstvo Matice slovenskej,Hardcover,178,2006,2006,,2017/09/18,,,read,,,,1,0
10053087,Tri gaštanové kone,Margita Figuli,"Figuli, Margita",,"=""8022202541""","=""9788022202541""",3,3.53,Tatran,Hardcover,167,1991,1940,,2017/09/18,,,read,,,,1,0
51504,Post Office,Charles Bukowski,"Bukowski, Charles",,"=""0876850867""","=""9780876850862""",4,3.93,Black Sparrow Press,Paperback,208,2002,1971,,2017/09/18,,,read,,,,1,0
17860577,Čiča Gorio,Honoré de Balzac,"Balzac, Honoré de",Jelisaveta Marković,"=""""","=""""",5,3.85,"Narodna prosveta, Beograd",Unknown Binding,351,1935,1835,,2017/09/18,,,read,,,,1,0
358846,Death and the Dervish,Meša Selimović,"Selimović, Meša",Stephen M. Dickey,"=""0810112973""","=""9780810112971""",5,4.51,Northwestern University Press,Paperback,473,1996,1966,,2017/09/18,,,read,,,,1,1
17212231,"Inferno (Robert Langdon, #4)",Dan    Brown,"Brown, Dan",,"=""0385537859""","=""9780385537858""",4,3.90,Doubleday,Hardcover,463,2013,2013,,2017/09/18,,,read,,,,1,0
976,Deception Point,Dan    Brown,"Brown, Dan",,"=""0671027387""","=""9780671027384""",4,3.77,Pocket Books,Paperback,556,2002,2001,,2017/09/18,,,read,,,,1,0
11125,Digital Fortress,Dan    Brown,"Brown, Dan",,"=""""","=""""",5,3.71,Corgi books,Paperback,510,2004,1998,,2017/09/18,,,read,,,,1,0
960,"Angels & Demons (Robert Langdon, #1)",Dan    Brown,"Brown, Dan",,"=""1416524797""","=""9781416524793""",5,3.95,Pocket Books,Paperback,736,2006,2000,,2017/09/18,,,read,,,,1,0
968,"The Da Vinci Code (Robert Langdon, #2)",Dan    Brown,"Brown, Dan",,"=""""","=""""",5,3.94,Anchor,Paperback,489,2006,2003,,2017/09/18,,,read,,,,1,0
9018860,Deadly Spring ,Lajos Zilahy,"Zilahy, Lajos",,"=""""","=""""",5,4.08,,Hardcover,240,1965,1938,,2017/09/18,,,read,,,,1,1
32590,Pan,Knut Hamsun,"Hamsun, Knut",Sverre Lyngstad,"=""0141180676""","=""9780141180670""",5,3.83,Penguin Publishing Group,Paperback,181,1998,1894,,2017/09/18,,,read,,,,1,1
137235,Victoria,Knut Hamsun,"Hamsun, Knut",,"=""0285647598""","=""9780285647596""",5,3.76,Souvenir Press,Paperback,112,2007,1898,,2017/09/18,,,read,,,,1,1
7384889,Sidarta,Hermann Hesse,"Hesse, Hermann","Herbert Caro, Otto Maria Carpeaux","=""""","=""""",5,4.08,Civilização Brasileira,Paperback,122,1970,1922,,2017/09/18,,,read,,,,1,1
10064,Rosshalde,Hermann Hesse,"Hesse, Hermann",Alberto Luis Bixio,"=""9500725959""","=""9789500725958""",5,3.81,Sudamericana,Paperback,217,2005,1914,,2017/09/18,,,read,,,,1,1
28381,Dead Souls,Nikolai Gogol,"Gogol, Nikolai",Robert A. Maguire,"=""0140448071""","=""9780140448078""",5,3.98,Penguin Classics,Paperback,464,2004,1842,,2017/09/18,,,read,,,,1,0
17229141,Šinjel i druge pripovetke,Nikolai Gogol,"Gogol, Nikolai",,"=""""","=""""",5,4.19,"Veselin Masleša, Sarajevo",Hardcover,259,1983,1836,,2017/09/17,,,read,,,,1,0
12857,The Gambler,Fyodor Dostoevsky,"Dostoevsky, Fyodor",Constance Garnett,"=""""","=""""",5,3.91,Modern Library,Paperback,188,2003,1866,,2017/09/17,,,read,,,,1,1
67329,Crime And Punishment; The Gambler; Notes From The Underground,DOSTOYEVSKY.,"DOSTOYEVSKY., DOSTOYEVSKY.","Constance Garnett, C.J. Hogarth","=""1851527176""","=""9781851527175""",5,4.48,Chancellor Press,Paperback,696,1994,,,2017/09/17,,,read,,,,1,1
17884,Dostoyevsky's Notes from Underground (Critical Studies in Russian Literature),Richard Arthur Peace,"Peace, Richard Arthur","Fyodor Dostoevsky, R.A. Peace, G. Humphreys","=""1853993433""","=""9781853993435""",0,4.37,Bristol Classical Press,Paperback,96,1998,1993,,2017/09/17,to-read,to-read (#1),to-read,,,,0,0
9667484,"Generation ""П"". Повести. Рассказы",Victor Pelevin,"Pelevin, Victor",Виктор Пелевин,"=""5699450947""","=""9785699450947""",5,4.15,Эксмо ,Hardcover,608,2010,1999,,2017/09/17,,,read,,,,1,0
17271888,Moskva-Petušky,Venedikt Erofeev,"Erofeev, Venedikt",,"=""8025706974""","=""9788025706978""",5,4.03,Argo,Hardcover,152,2012,1969,,2017/09/17,,,read,,,,1,0
29969800,Elizaveta Bam,Daniil Kharms,"Kharms, Daniil",,"=""""","=""""",5,4.16,,Unknown Binding,24,,,,2017/09/17,,,read,,,,1,0
117833,The Master and Margarita,Mikhail Bulgakov,"Bulgakov, Mikhail","Diana Lewis Burgin, Katherine Tiernan O'Connor, Ellendea Proffer, Hans Fronius, Михаил Афанасьевич Булгаков","=""0679760806""","=""9780679760801""",5,4.28,Vintage International,Paperback,372,1996,1967,,2017/09/17,,,read,,,,1,1
7144,Crime and Punishment,Fyodor Dostoevsky,"Dostoevsky, Fyodor","David McDuff, Joseph Frank","=""""","=""""",5,4.29,Penguin,Paperback,671,2002,1866,,2017/09/17,,,read,,,,1,1
38500,Women,Charles Bukowski,"Bukowski, Charles",,"=""0061177598""","=""9780061177590""",4,3.80,Ecco,Paperback,291,2007,1978,,2017/09/15,,,read,,,,1,1
141526,"Pulp: Charles Bukowski's Final Hardboiled Noir Comedy – Lady Death, Aliens, and the Absurd",Charles Bukowski,"Bukowski, Charles",,"=""0876859260""","=""9780876859261""",3,3.67,Ecco,Paperback,208,2002,1994,,2017/09/15,,,read,,,,1,1
38501,Ham on Rye,Charles Bukowski,"Bukowski, Charles",,"=""006117758X""","=""9780061177583""",5,4.14,Ecco,Paperback,288,2007,1982,,2017/09/15,,,read,,,,1,1
822115,The Complete Poems of Anna Akhmatova,Anna Akhmatova,"Akhmatova, Anna","Judith Hemschemeyer, Roberta Reeder","=""0939010275""","=""9780939010271""",5,4.42,Zephyr Press,Paperback,948,2000,1965,,2017/09/15,,,read,,,,1,0
78024,And Quiet Flows the Don,Mikhail Sholokhov,"Sholokhov, Mikhail",,"=""0460878905""","=""9780460878906""",5,4.11,Dent,Paperback,1408,1996,1928,,2017/09/15,,,read,,,,1,0
226378,A Hero of Our Time,Mikhail Lermontov,"Lermontov, Mikhail",Paul Foote,"=""014044176X""","=""9780140441765""",5,4.11,Penguin Classics,Paperback,185,1966,1840,,2017/09/15,,,read,,,,1,0
27822,Eugene Onegin,Alexander Pushkin,"Pushkin, Alexander",James E. Falen,"=""""","=""""",5,4.10,Oxford University Press,Paperback,240,1998,1831,,2017/09/15,,,read,,,,1,1
5693,Selected Stories of Anton Chekhov,Anton Chekhov,"Chekhov, Anton","Richard Pevear, Larissa Volokhonsky","=""0553381008""","=""9780553381009""",5,4.37,Modern Library,Paperback,467,2000,1903,,2017/09/15,,,read,,,,1,0
15823480,Anna Karenina,Leo Tolstoy,"Tolstoy, Leo","Aylmer Maude, Louise Maude, Dieter Wellershoff, Bruno Goetz, Lev Tolstoj, Léon Tolstoï","=""0345803922""","=""9780345803924""",5,4.10,Vintage,Paperback,964,2012,1878,,2017/09/15,,,read,,,,1,1
5297,The Picture of Dorian Gray,Oscar Wilde,"Wilde, Oscar",Jeffrey Eugenides,"=""""","=""""",5,4.13,Random House: Modern Library,Paperback,272,2004,1890,,2017/09/15,,,read,,,,1,1
865,The Alchemist,Paulo Coelho,"Coelho, Paulo",Alan R. Clarke,"=""0061122416""","=""9780061122415""",4,3.92,HarperCollins,Paperback,197,1993,1988,,2017/09/15,,,read,,,,1,0
7613,Animal Farm,George Orwell,"Orwell, George","Ann Patchett, Téa Obreht","=""""","=""""",5,4.02,Plume,Paperback,129,2003,1945,,2017/09/15,,,read,,,,1,1
