#,Reč,Značenje,Primer u rečenici
1,Hermelin,"Glupost, budalaština (zastarelo, arhaično)",Sve ovo što pričaš je čista hermelin.
2,Silesija,Stari naziv za živu vodu ili čistu vodu,Sa izvora je tekla bistra silesija.
3,Vrletna,"Strma, nepristupačna, divlja (često planina ili staza)",Popeo se na vrletne litice iznad doline.
4,Strovaljuje,"Silovito pada, obrušava se (npr. voda niz stenu)",Vodopad se strovaljuje s visoke stene.
5,Štimung,"Atmosfera, raspoloženje (germ. poreklo)",U sobi je vladao svečani štimung.
6,Mirnodopski,"U vezi sa mirovnim vremenima, bez ratova",Navike iz mirnodopskog života brzo su zaboravljene.
7,Osionost,"Bahatost, drskost, uzurpatorsko ponašanje",Njegova osionost nije imala granice.
8,Obligatno,"Obavezno, što se mora ili podrazumeva",Nošenje kacige je obligatno.
9,Taština,"Uobraženost, prazna samoljubivost",Njegova taština bila je smešna svima.
10,Polivalentan,"Višestruko primenljiv, s više značenja ili funkcija",Bio je polivalentan umetnik i mislilac.
11,Provansalska,"Što potiče iz Provanse, obično pesnički opis pejzaža",Selo je imalo provansalsku tišinu i toplinu.
12,Oblaporan,"Halapljiv, proždrljiv, sladostrasan","Oblaporan kao gladna zver, gutao je sve pred sobom."
13,Odurno,"Krajnje neprijatno, gadno",Njegovo ponašanje bilo je odurno svima prisutnima.
14,Dražesna,"Ljupka, šarmantna, prijatna",Bila je dražesna u svojoj jednostavnosti.
15,Umilan,"Nežan, blag, privlačan",Umilan glas razbio je tišinu sobe.
16,Pežorativno,"Uvredivo, sa negativnom konotacijom",Reč je upotrebljena u pežorativnom smislu.
17,Skrušen,"Ponizan, tih, duhovno povučen",Stajao je skrušeno pred ikonostasom.
18,Zgarište,"Mesto uništenja, najčešće posle požara",Na zgarištu kuće ostala je samo tišina.
19,Zlokobno,"Zloslutno, što nagoveštava nesreću",Vetar je zviždao zlokobno kroz granje.
20,Obdanica,"Dnevno svetlo, dan (poetski izraz)",U obdanici se budila nada.
21,Praskozorje,"Trenutak pre izlaska sunca, rana zora",Praskozorje je obojilo selo u srebrno.
22,Magnovenje,"Zanos, trenutačni bljesak svesti ili odsustvo iste",U magnovenju se setio njenog osmeha.
23,Pohoditi,Ići na sveto ili značajno mesto,"Pohodi crkvu svake godine, u tišini."
24,Zavitlavati,"Šaljivo zbunjivati, zadirkivati",Prestani da me zavitlavaš i reci istinu.
25,Zamantati,"Zbunjivati, izazivati vrtoglavicu",Pogled s visine ga je zamantao.
26,Tihovnost,"Tišina, duhovni mir, povučenost",Njegova soba odisala je tihovnošću.
27,Premilostiv,"Vrlo blag, saosećajan (religiozno)","Premilostivi Gospode, smiluj se nama."
28,Zgasnuti,"Postepeno nestati, izgubiti sjaj",Svetlo kandila zgasnu dok je molio.
29,Senovit,"Pun senki, zaklonjen, često i tajanstven",U senovitom uglu sedela je starica.
30,Opčinjenost,Intenzivna zadivljenost ili očaranost,Opčinjenost slikom nije jenjavala danima.
31,Titraj,"Sitno podrhtavanje, znak života, uzbuđenje",Titraj u njenom glasu ga je izdao.
32,Nanovo,"Ispočetka, iznova","Sve je krenulo nanovo, kao da prvi put živi."
33,Utočište,"Sigurno mesto, zaklon",U njenom zagrljaju našao je utočište.
34,Zanavek,"Zauvek, s osetnom težinom","Otišla je zanavek, bez pozdrava."
35,Tugaljiv,"Blago tužan, setan",Zvuci harmonike bili su tugaljivi.
36,Tanušan,"Tanak, jedva primetan",Tanušan osmeh joj se pojavio na licu.
37,Praskozorje,"Rana zora, pre svitanja",Praskozorje je donelo mir posle oluje.
38,Bezdan,"Velika dubina, često metafora",Njegov pogled krio je bezdan.
39,Magnovenje,"Trenutna, često maglovita svest",U magnovenju mu se ukazala istina.
40,,,
41,Ventuza,Prirodni fenomen usisavanja vode u obliku stuba,"Uragan se sjuri na okean, stvori se ventuza."
42,Lira,"Stara žičana muzička naprava, simbol pesništva","Sedam žica na liri vetrova, sedam nota ambisa."
43,Jarostan,Pun besa ili siline,Jarostan pogled presekao je tišinu.
44,Preimućstvo,"Prednost, nadmoć",Imao je preimućstvo u brzini.
45,Saraj,"Dvorska građevina, palata",Iza brežuljka zasijao je beli saraj.
46,Samovar,Ruska posuda za kuvanje čaja,Para se dizala iz mesinganog samovara.
47,Straobalno,Veoma zastrašujuće,Straobalno lice iskrsnu iz tame.
48,Blaziran,"Ravnodušan, zasićen užicima, otupeo, 2. uobražen","Blazirano je slegnuo ramenima na sve što mu je rečeno.
"
49,Heruvim,Anđeo nevinosti i svetlosti,"Detinjeg lica, sedeo je kao heruvim."
50,Metuzalem,Simbol za biće duboke starosti,"Star kao Metuzalem, jedva je hodao."
51,Grozomoran,"Jeziv, užasan",Grozomoran prizor sledio mu je krv.
52,Patvoreno,"Lažno, krivotvoreno",Njegovo saosećanje bilo je patvoreno.
53,Surevnjivost,"Zavist, takmičarski duh, ozlojeđenost",Pogled mu je gorio od surevnjivosti.
54,Grimizno,"Tamnocrveno, boja krvi",Nosila je grimizno odelo u zoru.
55,Galimatijas,"Zbrka, besmislen govor",Njegova priča zvučala je kao galimatijas.
56,Serafim,Anđeo uzvišene ljubavi i plamena,"Delovao je spokojno, poput serafima."
57,Šedrvan,Ukrasna fontana u dvorištu,Voda je šaptala iz kamenog šedrvana.
58,Panoptikum,"Prikaz čudnih ili izopačenih stvari, izložba retkosti",Njegova soba bila je pravi panoptikum.
59,Tapiserija,Tkani ukrasni zidni tepih,Zid je krasila tapiserija zlatnog sjaja.
60,Beslovesni,"Bez razuma, nagonski",Beslovesni gnev vodio ga je ka zločinu.
61,Snoliki,"Poput sna, nestvaran",Prolazili su kroz snolike predele.
62,Fantazmagorija,"Privid, halucinatorna slika",Gradska svetla delovala su kao fantazmagorija.
63,Bespuće,Mesto bez puteva; simbol duhovne ili moralne izgubljenosti,"Lutali su kroz bespuće vlastitih sumnji.
"
64,Kanon,Skup priznatih i uticajnih umetničkih dela,"On čita van kanona, tražeći neotkrivene glasove."
65,Obzorje,"Vidljiva linija neba i zemlje, simbol širine pogleda",U njegovim mislima širilo se novo obzorje.
66,Zavetrina,"Mesto zaštićeno od vetra, simbol mira",Pronašao je svoju zavetrinu u jednostavnosti.
67,Tmina,"Gusta, potpuna tama; simbol unutrašnjeg mraka",Koračao je kroz tminu tražeći makar iskricu smisla.
68,Zaglušujuće,Preterano glasno,Njegovo ćutanje bilo je zaglušujuće.
69,Usud,"Sudbina, neizbežna sila",Nije mogao da pobegne od vlastitog usuda.
70,Deus ex machina,Božanska intervencija bez unutrašnje logike,"Pojavio se kao deus ex machina, kad je sve delovalo izgubljeno."
71,Kamerton,Sprava za određivanje tona; simbol unutrašnjeg sklada,Svaka njena misao odzvanjala je po kamertonu srca.
72,Uobrazilja,"Maštovita, često preuveličana predstava o sebi ili svetu",Uobrazilja ga je vodila dalje nego što bi razbor dopustio.
73,Otelovljenje,Oličenje apstraktne osobine ili ideje,Postao je otelovljenje nade koju su svi izgubili.
74,Stamena,"Postojana, čvrsta, nepokolebljiva",Ona je stamena i kad se sve oko nje ruši.
75,Bestragija,"Zabačeno mesto bez puta, bez traga",Zanavek su nestali u nekoj zimskoj bestragiji.
76,Katafalk,"Postolje za odar pokojnika, simbol prolaznosti",Tišina je bila dublja od katafalka.
77,Relikt,"Ostatak prošlih vremena, dragocena zaostavština",On je bio relikt epohe koju više niko nije pamtio.
78,Beštija,Divlja zver; surova strana čoveka,U njemu je spavala beštija kojoj niko nije znao ime.
79,Špilja,Prirodna pećina; simbol unutrašnjih dubina,Dugo je prebivao u špilji sopstvene tišine.
80,Nepatvorena,"Iskrena, neiskvarena, autentična",Njen smeh bio je nepatvorena radost.
81,Smiraj,Kraj dana ili kraja nečega; trenutak umirenja,"Dočekali su smiraj bez reči, ali sa mirom."
82,Sablazniti,"Moralno uznemiriti, šokirati postupkom",Uspeo je da sablazni i sopstvenu senku.
83,Protozoa,"Jednostavan, prastari jednoćelijski organizam","Ideje su mu bile proste kao protozoa, ali uporni."
84,Kaleidoskop,Cev sa šarama koje se neprestano menjaju; simbol raznovrsnosti,Život mu se okretao kao kaleidoskop uspomena.
85,Okrilje,"Zaštita, zaklon, utočište",Našao je okrilje u tišini njenog prisustva.
86,Osokoliti,"Ohrabriti, podići duh",Uspeo je da ga osokoli jednim pogledom.
87,Ophrvan,"Preplavljen osećajem, mislima ili silom","Ophrvan nemirom, nije mogao da zaspi."
88,Dognati,Doterati nekoga ili nešto do određenog mesta,Pa ja sam ih morao sve dognati.
89,Arhaičan,"Starinski, iz prošlih epoha, zastareo","Nosio je arhaičan mir, koji se više ne sreće."
90,Sokoliti,"Podsticati, bodriti, davati snagu",Svako jutro ga je sokolila nežna reč njegove bake.
91,Napabirčiti,Skupiti malo po malo; sabrati rasuto,Od sećanja je napabirčio priču koju niko više nije pamtio.
92,Maskaradni,"U vezi sa maskama, lažima, pretvaranjem","Sve je postalo maskaradno, bez istine i glasa."
93,Preludijum,"Uvodni deo, često muzički; simbol početka",Bilo je to tek preludijum onoga što će doći.
94,Dokolica,Vreme bez obaveza; prazan hod svesti,U dokolici su mu rasli najdublji snovi.
95,Livreja,Svečana uniforma sluge ili kočijaša,U livreji je delovao kao senka prošlog veka.
96,Nomenklatura,Službeni ili sistemski naziv; skup pojmova,Promena je stigla i do najtvrđe nomenklature moći.
97,Čileti,"Biti zdrav, živahan, pun snage i lakoće",Počeo je da čili tek kad je zavoleo tišinu.
98,Ustoličiti,Postaviti na presto; simbolično postaviti na vlast,Ustoličili su ga kao čuvara zaboravljenih vrednosti.
99,Profan,"Svetovan, običan, neuzvišen; često i nepoštovan",Profan pogled na svet lišio ga je čuda.
100,Menuet,"Stari, otmeni ples u tročetvrtinskom taktu",Sve je u njenom govoru bilo poput menueta – odmereno i blago.
101,Rogobatno,"Grubo, nezgrapno, u izrazu ili izgledu",Rogobatne reči narušile su tišinu trenutka.
102,Pregalaštvo,"Predano, marljivo i dugotrajno zalaganje",Njena tiha radinost bila je primer pregalaštva.
103,Trkeljisati,"Pažljivo pretresati, pipkati, tražiti nešto",Satima je trkeljisao po uspomenama u staroj fioci.
104,Stihija,Neukrotiva prirodna sila; nešto haotično i snažno,"Pred stihijom emocija, nije mogao da se obrani."
105,Safari,"Istraživački put kroz divljinu, često radi posmatranja",U sebi je započeo tihi safari kroz neistražene želje.
106,Tušta i tma,Velika količina nečega; nepregledivo mnoštvo,"Bilo je tušta i tma razloga da ode, ali je ostao."
107,Snoviđenje,San sa jakim slikama; često mističan ili proročki,U snoviđenju je video sve što ga čeka.
108,Ostrvljen,"Osion, krvožedan, uskogrud, plitkouman",Njegove ideje bile su previše ostrvljene da bi doprele dalje.
109,Epopeja,Veliko epsko delo; veličanstven poduhvat,Život mu je bio tiha epopeja neprimetnih borbi.
116,Čiieti,"Slabiti, malaksavati, polako nestajati, kopneti",Vetar je polako čileo sa poslednjim bojama jeseni.
123,Besposličiti,"Lenčariti, dangubiti bez svrhe",Danima je besposličio gledajući senke po zidu.
124,Paladin,"Vitez, borac za čast i ideale","U tami bez časti, ostao je poslednji paladin."
125,Frivolan,"Površan, lakomislen, neozbiljan",Frivolan smeh parao je tišinu razgovora.
126,Raspusnik,Onaj koji živi razvratno i raskalašno,Bio je raspusnik u telu pesnika.
127,Nalaštiti,"Ulepšati, posebno spoljašnje; ulickati",Kuća je bila nalaštena do poslednje cigle.
128,Taktilan,"Povezan sa dodirom, opipljiv",Dodir njene ruke bio je taktilna molitva.
129,Tociljati,"Polako se kretati, gegati bezvoljno",Tociljao se niz ulicu kao da ga i dan nosi.